user_name,user_url,rating_num,comment_time,content,vote_count,attitude
锐利修蕊,https://www.douban.com/people/ruilixiurui/,user-stars allstar20 rating,2020/6/12,比前几首玩票性质的单曲当然是认真了很多。但是这个歌有任何令人惊喜的地方吗？没有，好久没听到能让人耳目一新的周杰伦了，别吹情怀，副歌部分比主歌好一点点，但新专辑估计又是最近几张的彩色调，周郎才尽其实不丢人，毕竟不能渴求创作者一直保持高水准。,1238,0
twotwo,https://www.douban.com/people/GuanRenWoYao/,user-stars allstar20 rating,2020/6/12,建议周杰伦老老实实过婚后生活吧，演唱会水时长，发新歌感觉纯粹为了去古巴旅游顺便拍了个vlog，18年前开始听歌的老路人粉表示这样下去真的在自作自糊。40岁的人了，赚点体面钱吧。一星底线，一星给点体面。,1038,0
Costi,https://www.douban.com/people/costi/,user-stars allstar50 rating,2020/6/12,二十年铁粉夏日落泪。一个有趣的小知识，如果有人吐槽「周郎才尽」足够早，到今天也差不多十五年了。十五年，批评的角度还是日趋固化的「不新鲜」和「乏味」，会不会显得比自己的评判对象还迂腐。早点儿接受文艺作品的黄金年代（也就是大部分人的青年时期）过去了不会再来，对新的作品接受程度能大幅提升。固守成见的人喜欢说「迷迭香」不知道高到哪里去了，乐观的朋友则欣喜地在听新的「迷迭香」。,930,1
Santé,https://www.douban.com/people/trueGugi/,,2020/6/12,属于那种Spotify 新歌推送，听到会直接切走的歌,259,0
月山行,https://www.douban.com/people/xmns/,,2020/6/12,比前几首好很多了，但还没有达到周杰伦的正常水平。感觉他的问题是生活太滋润了，没有早年的伤春悲秋，烦恼才是创作的源泉。早年专辑里强烈的情绪色彩是能够直接感受得到的，忧郁的，愤怒的，狂躁的，被爱情折磨的，这些都成为他的素材，这点像Taylorswift一直保持得很好，但杰伦现在反倒是被美满的生活打成一杯温吞的白开水。只希望专辑出来有惊喜吧。,122,0
Michael JZ,https://www.douban.com/people/49145944/,user-stars allstar50 rating,2020/6/12,欢迎回来 Havana去了两次 看杰伦在Havana漫步居然格外亲切,155,2
1806,https://www.douban.com/people/liwei1806/,user-stars allstar30 rating,2020/6/12,中规中矩。小公举这次唯一聪明的一点是，他自己大概也看到了老流行套路自己的创作瓶颈，于是尝试风格切换，套用极具异域特色的地方街头艺人偶尔迸发的旋律和乐器编排作为灵感借鉴，“创作”出了一张对于他现在的歌迷来说“从未听过的”，“新鲜拉丁风格”的流水线作品。（接受网友建议，把中间与这句音乐无关的评论删了）但他似乎也忘了，或者不在乎这种策略带来的两头不讨好：本质粉觉得不流行，懂拉丁的要么觉得非常普通套路，要么排斥这种四不像。只有平时根本不听拉丁风格的人，才会觉得“哇，好惊喜，质量好高！”所以归根结底，还是在做脑残粉的生意，因为他们大概忘了，或者根本就不记得小公举很早就有《迷迭香》这样的珠玉在前了 / 2020.6.12 00:12，209人评分9.0.,597,1
Iris,https://www.douban.com/people/wuxuqian/,user-stars allstar40 rating,2020/6/12,我本来听得挺高兴的，一看豆瓣评论又有点不高兴了（抠鼻,542,1
白莲姐姐在豆瓣,https://www.douban.com/people/14683487/,user-stars allstar10 rating,2020/6/12,救命周杰伦真的好油腻我不行了 他到底什么时候承认自己已经江郎才尽了啊 对大多数了还唱这种三十年前风格的东西要了老命,131,0
王喝冰,https://www.douban.com/people/wangshijie1029/,user-stars allstar40 rating,2020/6/12,啊，中间的那段rap，老子的青春回来了…,106,2
肖战他爹张元英,https://www.douban.com/people/207777882/,user-stars allstar50 rating,2020/6/12,一开始听很普通，但周董凭借着独特的嗓音，越听越入迷，支持??????????,110,2
白色风车,https://www.douban.com/people/204333577/,user-stars allstar50 rating,2020/6/12,周郎才尽虽迟但到，周郎才尽不尽不知道，但你们的话术倒是才尽了，下次换一套说不定效果奇佳,575,1
晚不安,https://www.douban.com/people/yellowmoonbird/,user-stars allstar20 rating,2020/6/12,食之无味，弃之不可惜。,249,1
Doublebitch,https://www.douban.com/people/new4new4/,user-stars allstar20 rating,2020/6/12,到底哪儿好听了？而且咱MV造型能不能别这么油,83,0
孬爷爷,https://www.douban.com/people/post-rocker/,user-stars allstar30 rating,2020/6/12,就周董的正常水平啊，可惜mv拉低了歌曲的档次。以他的能力，这种水平的歌曲，一天怎么着也能写5首吧？华语流行音乐需要变革！需要创新！不能再一潭死水了！怀念《爸我回来了》《双截棍》?? ，2000年初期的华语乐坛是不是顶峰了？,52,2
飞机场02:30,https://www.douban.com/people/4000937/,user-stars allstar20 rating,2020/6/12,就这样？？？简单芭乐歌曲一首，来来回回就那么几段起伏，再加上几句rap，旋律编曲太套路了，歌词配合MV腻味得很。从前怎么样也没想到有一天周杰伦会和「油腻」「低龄」这些字眼挂上钩，然而他真做到了。呃，他还是回去帮他老婆卖美瞳吧。,246,0
野次R,https://www.douban.com/people/RAKA/,user-stars allstar20 rating,2020/6/12,回去听迷迭香不好吗……黄俊郎这次的词也写得跟玩儿似的。,71,0
郑宁素,https://www.douban.com/people/zjnsas/,user-stars allstar40 rating,2020/6/12,这首真还行，比前几首强多了。,361,2
听懂掌声,https://www.douban.com/people/Shiningisland/,user-stars allstar30 rating,2020/6/12,就这？？！不是吧阿Sir！,58,0
嘟嘟熊之父,https://www.douban.com/people/duduxiongzhifu/,user-stars allstar20 rating,2020/6/12,连周杰伦吐字都这么清晰了，还有什么不会变？,46,0
????????????,https://www.douban.com/people/RLyN/,user-stars allstar20 rating,2020/6/12,？无语。“而这首歌是周董去古巴之前就已创作完成的歌曲，洋溢古巴风情的拉丁曲风让人惊艳！令人好奇当时没去过古巴的他怎么做到的？其实就像20年前周杰伦写R&B曲风的歌，当时被大家误以为他是ABC，其实他当时根本没去过美国！如今周杰伦更多元化的写出拉丁风格的歌曲《Mojito》！周式音乐魔法就是这么神奇！”,48,2
???????????? | ?,https://www.douban.com/people/sparkylee/,,2020/6/12,虽然比说好不哭什么的强 但前奏也太哈尔移动城堡了？？,30,0
纸 鸠,https://www.douban.com/people/KASIMON/,user-stars allstar20 rating,2020/6/12,60%「迷迭香」谱曲完成，30%「迷迭香」歌词杂糅，0%美于各大旅拍公司的havana景色，组成了一个爱穿花衬衫的中年玩童2020新歌。奶茶再加奶放微波炉叮一下是不会好喝的，望周董知。,242,0
leafalone,https://www.douban.com/people/leafalone/,user-stars allstar10 rating,2020/6/12,今年真的是无奇不有。还我三块钱。,222,0
张大水,https://www.douban.com/people/1693422/,user-stars allstar20 rating,2020/6/12,一杯糖浆兑出来的摸黑多，再加了一点古巴的朗姆酒吧。拜托，下次多挤点青柠，多加点薄荷？,42,0
天籁??,https://www.douban.com/people/libramao/,user-stars allstar40 rating,2020/6/12,比前几单好不少，副歌部分有《迷迭香》的味道，rap部分最佳，1分32到1分41这四句来来回回听了好几遍，是久违的熟悉感觉。看到友邻抒发感受“像顶级富人伪装成中产小资去谈恋爱”，嗯，我觉得像疫情过后解封的幻乐之城，日子还得过啊，也复苏了些许生机，但状态回不去了。,42,2
lliuu,https://www.douban.com/people/lou-/,user-stars allstar30 rating,2020/6/12,mv真算了吧,28,0
壁鹿,https://www.douban.com/people/poorcat/,user-stars allstar30 rating,2020/6/12,也就及格吧，当然比之前的单曲都要好点，歌词在我看来还是不行，特别是那几个为了压韵脚的“甜过头”，“孤单被征服”，整首歌比起早几年同类型的迷迭香还是差了好多。不过想想现在的华语乐坛，觉得好像也不能对周杰伦要求太高了。,22,1
Waterloosunset,https://www.douban.com/people/57566252/,user-stars allstar20 rating,2020/6/12,为什么能把牛仔很忙+魔术先生 改编的这么土啊？噢 明白了因为还掺了告白气球,37,0
宇文宙,https://www.douban.com/people/aiolia/,user-stars allstar30 rating,2020/6/12,周董的问题在于一开始起点太高，直到今天也没有后来者能威胁到他的地位，以至于他自己也缺乏前进的动力，甚至不需要什么创新，只要吃吃老本就已经足够满足粉丝顺便吊打一片。与其埋怨周董不思进取，倒不如反思一下华语乐坛这些年为什么不进反退了。,10,0
金满满.周,https://www.douban.com/people/Merlynnnnn/,user-stars allstar30 rating,2020/6/12,我是真听不出来好坏了，只知道没有《迷迭香》好听,23,0
Zzz,https://www.douban.com/people/76937893/,user-stars allstar30 rating,2020/6/12,2.5主歌听了两句就知道是套路。下一个和弦都能猜到。,37,0
Vasary. Wong,https://www.douban.com/people/Vasary_Wong/,user-stars allstar30 rating,2020/6/12,噗，前奏是骗我开了Nat King Cole的西语专辑吗？周董怎么好几次的歌都是我上课即兴的和弦，太简单啦，能不能来点儿新的也好让我扒一扒啊！！,5,0
o0工藤波波0o,https://www.douban.com/people/bba356285883/,user-stars allstar20 rating,2020/6/12,主歌曲子写的很有趣，中间的Rap 很莫名其妙，词真的很无聊。算是周杰伦近三年来最好的作品，但相比周杰伦自己来说，这首也就是勉强及格的作品。,180,0
爱岗敬业小林桑,https://www.douban.com/people/shenjun35/,user-stars allstar30 rating,2020/6/12,是古巴味儿，加了点迷迭香，rap很乔克叔叔……,21,0
失控的胖子,https://www.douban.com/people/52925540/,user-stars allstar30 rating,2020/6/12,宁愿旧歌重新改变不断回锅 也不愿意听到敷衍的新歌,8,0
楚天祥,https://www.douban.com/people/93233231/,user-stars allstar30 rating,2020/6/12,除开MV过于难看扣一星，单纯听歌的话至少算是一个新鲜的周董(迷迭香的更替版)，虽然拉丁不拉丁，流行不流行的，但是悦耳程度与周式风格还是熟悉的配方。虽然的确是为这个季节订制的一首圈钱曲，但是我依然很愿意埋单。,12,2
ssglamor,https://www.douban.com/people/64930726/,user-stars allstar50 rating,2020/6/12,哥哥的歌让我想要恋爱,31,2
把噗,https://www.douban.com/people/babulliu/,user-stars allstar40 rating,2020/6/12,去掉vocal更好听,16,1
特别笨,https://www.douban.com/people/59762971/,user-stars allstar40 rating,2020/6/12,这种歌放在十年前周杰伦一天能创作十首，现在距离上一首单曲十个月……他只是忙着带孩子，没时间创作，没别的……因为是周杰伦，我要多给一颗星！,25,0
bear,https://www.douban.com/people/bear18/,user-stars allstar30 rating,2020/6/12,3.5，半星给编曲，歌词略口水,5,0
Ricky925,https://www.douban.com/people/Ricky925/,user-stars allstar30 rating,2020/6/12,几几年了,16,0
文森Vincent,https://www.douban.com/people/jinjidexiong/,user-stars allstar10 rating,2020/6/12,难听。,27,0
谋杀游戏机,https://www.douban.com/people/hexiaoqin/,user-stars allstar50 rating,2020/6/12,打两星还要装自己是18年老粉，宁搞不搞笑啊。还有说讨好的，谁讨好您了啊您是受众吗？别仗着年纪大就一副指点江山的样子，不喜欢没问题，说出点门道分析下乐理也敬你是条汉子，张口就来到处diss谁不会？显得您很高级？不喜欢还来听，听完还要到处写差评蹭热度刷存在感，您累不累？,25,1
冰山李,https://www.douban.com/people/ofo/,user-stars allstar10 rating,2020/6/12,杰威尔真粉丝听完这首所谓“古巴”元素歌曲之后，只想去给杨瑞代的《哈瓦那》加多一星,12,0
烽少,https://www.douban.com/people/49048529/,user-stars allstar40 rating,2020/6/12,最近几年周董出的单曲里最好听的一首，有点当年《迷迭香》的味道，黄俊郎的歌词也没有让人失望，很喜欢中间的那一段rap， 想到了《手写的从前》，可惜有点短。,14,1
十一哥,https://www.douban.com/people/z2L/,user-stars allstar10 rating,2020/6/12,满屏炫富，只看到一个字：蠢。情怀少年，如今居然变成金链汉子。我尊重你的活法，我也尊重我的差评。,28,0
陆支羽,https://www.douban.com/people/luzhiyu/,user-stars allstar40 rating,2020/6/12,3.5。,10,1
▲polidisco,https://www.douban.com/people/1452720/,user-stars allstar10 rating,2020/6/12,花衬衫真的好土我可以这样说吗？,20,0
Vihre?,https://www.douban.com/people/54749824/,user-stars allstar40 rating,2020/6/12,对比产生美，异域风作品名单又新增了曲目，喜欢“你是文学家笔下的那一片海”。黄俊郎的文字，救了这首新歌，而周氏rap的重现提高了好听度。,8,0
低{光。,https://www.douban.com/people/howie720/,user-stars allstar30 rating,2020/6/12,迷迭香、花衬衫、粉色调…… 旧瓶装旧酒，一切都是那么似曾相识,6,0
开膛手菲欧娜,https://www.douban.com/people/midnight_sun/,user-stars allstar50 rating,2020/6/12,踩点节奏好欢快，还是和黄俊郎比较合拍。,12,2
草 莓 酱,https://www.douban.com/people/47349299/,user-stars allstar40 rating,2020/6/12,循环播放还挺上头，是那个迷迭香味的夏日味道,14,2
hamuketsu,https://www.douban.com/people/56375592/,user-stars allstar50 rating,2020/6/12,你所在之处 孤单都被征服??,17,2
千岛酱王子样,https://www.douban.com/people/henry1984zoro/,user-stars allstar40 rating,2020/6/12,我在油管刷的新歌 结果听完了下一个自动播放 迷迭香 这AI真的能克服所有问题了 就是不知道到底道德要放在哪里 23333333,6,0
每天都想退休丸,https://www.douban.com/people/willielynn/,user-stars allstar50 rating,2020/6/12,我还挺喜欢的，看了mv更喜欢,12,2
mpor2,https://www.douban.com/people/mpor2/,user-stars allstar50 rating,2020/6/12,??老年人出歌是慢了一点～,16,0
Will,https://www.douban.com/people/119695950/,user-stars allstar30 rating,2020/6/12,比Camila Cabello更正宗的latino pop。,5,0
WSalomé,https://www.douban.com/people/Tone.C/,user-stars allstar50 rating,2020/6/12,上头,15,2
阿朽,https://www.douban.com/people/fuxiu/,user-stars allstar30 rating,2020/6/12,勉勉强强，起码没有那么奶茶伦,2,0
Pincent,https://www.douban.com/people/Pincent/,user-stars allstar30 rating,2020/6/12,7。感觉也没那么差，类似bossa nova那种清新小调，拉丁异域风情，旋律朗朗上口作曲正常发挥。就是有点老汉装嫩的感觉，尤其是mv。怎么我记得《迷迭香》在当年《依然范特西》里也没很受好评在这里都成”又一次江郎才尽”的证据了？,10,0
沈砚之,https://www.douban.com/people/circlecold/,user-stars allstar30 rating,2020/6/12,再这么下去我就要把近几年单曲统称为“奶爸儿歌”了啊！,11,0
困在。,https://www.douban.com/people/lemon0/,user-stars allstar50 rating,2020/6/12,周董还是那个周董,5,1
绿葡萄架,https://www.douban.com/people/168619468/,user-stars allstar30 rating,2020/6/12,糅杂的味儿有点多，比之前几首好。还是希望他继续出歌的，所以手轻点吧。,7,1
Nuage?,https://www.douban.com/people/windyhill/,user-stars allstar30 rating,2020/6/12,迷迭香,1,0
○Ⅴ○,https://www.douban.com/people/Viccore/,user-stars allstar20 rating,2020/6/12,除了MV的清晰度比较高以外，哪一点比得上《园游会》？,4,0
DeerColin,https://www.douban.com/people/DeerColin/,user-stars allstar30 rating,2020/6/12,虽然玩的是过去的，但也比很多人溜,0,2
Oooo,https://www.douban.com/people/170359992/,user-stars allstar50 rating,2020/6/12,真有你的 什么风格都能写,12,1
直布罗陀岩石,https://www.douban.com/people/zech/,user-stars allstar20 rating,2020/6/12,太一般了，旋律感觉直接采样了一个古巴民歌一样，词随便水一下，MV糊弄式随手拍一下，不提江郎才尽，只想周董认真一点。钱真的不能太好挣。,5,0
建筑民工,https://www.douban.com/people/musofan/,user-stars allstar40 rating,2020/6/12,非常红磨坊，终于想起来找黄俊郎了。但是有个小吐槽，作为一首Bossa Nova，低音竟然用的Bass而不是倍大提琴，MV里明明背景里乐手拨弦那么欢，结果音乐是个Bass声，蛮别扭,0,0
冰山的阴影,https://www.douban.com/people/Rynill5/,user-stars allstar30 rating,2020/6/12,编曲旋律和他自己的巅峰期相比都很一般，可我为什么觉得MV里的哈瓦那格外亲切？,2,0
ccl090,https://www.douban.com/people/157965504/,user-stars allstar20 rating,2020/6/12,好无语。就凭着我熬夜到现在把mv看完我也要来豆瓣评个星以解我心头失望之恨。这个歌虽然没那么难听吧，就只是听一遍就不想再听了的程度，那个旋律我实在无法跳出人生的旋转木马……隔壁女歌手已经写出玫瑰少年了哈，mv也不用说了吧。用点心好不好，用心啊，有那么难吗，大众不要对男歌手要求那么低吧，这是写出过青花瓷的人诶。,21,0
Booonnie,https://www.douban.com/people/haphy/,user-stars allstar50 rating,2020/6/12,这首可以啊~黄俊郎的词终于让新歌回归了正常水准，除了MV拍的比较随意其他没什么槽点【但我觉得vlog形式的MV配这种音乐风格蛮好，老阿姨粉毫不犹豫地为爱豆充值打call,0,1
伊豆,https://www.douban.com/people/yidoudou/,user-stars allstar40 rating,2020/6/12,比上一首有诚意多了啊。这歌词，也太甜了吧。,3,2
风满蜃气楼,https://www.douban.com/people/bearish/,,2020/6/12,就……黄俊郎怎么也开始陪小公举写这种甜腻腻小儿科歌词了??mv颜色明亮倒是蛮开心的,4,1
PirateQ,https://www.douban.com/people/PirateQ/,user-stars allstar50 rating,2020/6/12,中间那一段rap也太好听了吧，缺点是太短。那些打二星的是什么心态哦，是不是觉得抖音神曲更好听？,3,2
Moon,https://www.douban.com/people/kfcmoon/,user-stars allstar40 rating,2020/6/12,原来MV可以不花钱看的，所以周董的歌都有MV。感慨之外，这歌还是有进步，唱的也好，歌词不差。至少比一口气全念对那种歌词有诚意吧。,0,2
PabloHoney,https://www.douban.com/people/alexandrawoo/,user-stars allstar30 rating,2020/6/12,就凭没有念成“莫吉托”就可以及格了233,2,1
巴鸡！,https://www.douban.com/people/yangchangyi520/,user-stars allstar30 rating,2020/6/12,周杰伦的才华可能已经耗尽了吧 不过之前已经为华语歌坛留下了不少佳作了 这种流行口水歌就当赚点奶粉钱吧 也行 还是有异域风情的 MV里的古巴还是那味儿 适合度假??,5,0
_文兮,https://www.douban.com/people/StephenX/,user-stars allstar30 rating,2020/6/12,听了一遍,1,0
Yves・X,https://www.douban.com/people/XHY4/,user-stars allstar30 rating,2020/6/12,找回了做生意的诚意。,4,2
fake,https://www.douban.com/people/shallowater/,user-stars allstar40 rating,2020/6/12,老周还是没有以前酷了，不过这首比我是如此相信/说好不哭好一点。群众的要求也没那么高，写首一般水平的歌就7.0分了。,3,1
朝阳区妻夫木聪,https://www.douban.com/people/Invisible___/,user-stars allstar30 rating,2020/6/12,还行吧，找到一点迷迭香的感觉，rap比主歌部分好听，但是高音部分的vocal感觉特别飘（？），反正二十年老粉表示现在对他好像也没法期待太多了，不糊弄歌迷已经enough了。不过话说今年距离Jay发片也过去20年了！周董不打算出来营业吗！你看看人家爱豆！办个出道20周年线上演唱会轻松刷屏顺便屠榜，你瞅瞅人家再瞅瞅你！害！,8,2
人神斗,https://www.douban.com/people/renshendou/,user-stars allstar30 rating,2020/6/12,MV太蠢了,48,0
Hao,https://www.douban.com/people/ShaneGao/,user-stars allstar20 rating,2020/6/12,非要找点优点的话，那就是：普及了Mojito的正确读法。,6,0
Torrr,https://www.douban.com/people/narcissus_se/,user-stars allstar20 rating,2020/6/12,全世界就我觉得难听吧???♂?,9,0
迪,https://www.douban.com/people/jinxiaoshui/,user-stars allstar30 rating,2020/6/12,真的很一般。,4,0
软体不稳那那酱,https://www.douban.com/people/ibunnyo/,user-stars allstar50 rating,2020/6/12,和过去相比多了几分甜和油，但曲子的容纳度和灵活度都上升了好多，编曲上更胜过去类似风格一筹，rap部分也恰到好处。就挺可怕的，这人就是想写首甜腻腻油滋滋的烂大街情歌都能秀出他的音乐在进步。but强力瘦身特效给我关了！楼都歪了！,0,2
炭疽,https://www.douban.com/people/164129483/,user-stars allstar30 rating,2020/6/12,比较大的迷迭香,4,0
小太阳.,https://www.douban.com/people/zy2819066/,user-stars allstar30 rating,2020/6/12,也没有点评里面说的不堪吧....,2,1
Zeki,https://www.douban.com/people/hara_zeki/,user-stars allstar30 rating,2020/6/12,这段rap内味儿很浓，这个mv GTA罪恶都市,2,2
信然||Season,https://www.douban.com/people/S_ilencio/,user-stars allstar50 rating,2020/6/12,太惊喜了，我的青春！,8,2
v仔在逃难,https://www.douban.com/people/lvsedianshan/,user-stars allstar30 rating,2020/6/12,可能困苦才是创作的源泉吧，周董这些年太舒坦了,8,0
JoMo,https://www.douban.com/people/157024605/,user-stars allstar30 rating,2020/6/12,其实这种调子已经不新鲜了，也许在周杰伦眼中觉得很新奇，其实周杰伦不是江郎才尽，他只是成名之后，再也没有之前那种虔诚的做音乐的态度，就如之前《土耳其冰淇淋》一样，编曲当然好，但是现在的乐坛已经不需要这种创新了。其实打了这么一大堆文字，还是希望他继续加油吧。,57,0
indiezouzou,https://www.douban.com/people/38568069/,user-stars allstar40 rating,2020/6/12,结结实实给那些刷榜流量花瓶上一课，还有那些中英乱彪的臭trap烂rapper们，周董还是你们爸爸。,2,2
Helicopter,https://www.douban.com/people/helicopter/,,2020/6/12,熟悉的配方，安全的味道，顺手拈来的异国调料,5,1
大吉大利玛丽萌,https://www.douban.com/people/moedream/,user-stars allstar30 rating,2020/6/12,还不错了，比之前几首歌好听,1,2
Aria.粉。,https://www.douban.com/people/red_child/,,2020/6/12,挺好听的呀，够甜！稍微有点回到《迷迭香》那时的感觉。,1,2
富川白书??,https://www.douban.com/people/130617696/,user-stars allstar40 rating,2020/6/12,换个写词的吧……,3,0
不吃不吃,https://www.douban.com/people/kyspace/,user-stars allstar40 rating,2020/6/12,我是真滴喜爱拉丁风，大早上在家里扭起来了,2,2
Padoru Padoru,https://www.douban.com/people/eva1221/,user-stars allstar30 rating,2020/6/12,7.0-7.3 出于拉丁音乐好感,2,1
Shah?,https://www.douban.com/people/Shahtoosh/,,2020/6/12,听起来胖胖的,2,0
夜神月,https://www.douban.com/people/lizihao200808/,user-stars allstar30 rating,2020/6/12,近些年来，周杰伦唯一一首达到及格线的作品。,8,1
1个柒,https://www.douban.com/people/147502389/,user-stars allstar50 rating,2020/6/11,20年了，每次都是江郎才尽，拜托，耳朵都听出化石了好么，能不能换个词黑？杰伦在创新突破，你们这些打一两星的黑子咋一直原地踏步呀？下次黑麻烦换个新词行么？能不能也创新一下？加油！看好你们（笑,165,2
低端youyidifi,https://www.douban.com/people/54762005/,user-stars allstar10 rating,2020/6/12,老夫聊发少年狂的难听音乐，感觉像和昆凌颠鸾倒凤不止天地为何物之后抽事后烟的时候写的,8,0
happy北极光,https://www.douban.com/people/123653446/,user-stars allstar20 rating,2020/6/12,不难听，但是用心不用心还是能听出来的,10,0
。。,https://www.douban.com/people/174358741/,user-stars allstar20 rating,2020/6/12,不是杰迷，单纯觉得不好听没感觉，不会再打开这首歌了，本来想打三星，看着某些双标的杰迷觉得可笑，真的是醉了，听周杰伦的歌还给你们听出优越感来了，你可以说别人的歌不好听，怎么，别人就不能认为周杰伦的歌不好听了？这本来就是个主观的东西，你们在gc什么,9,0
鱼呵呵要做锦鲤,https://www.douban.com/people/ykx0619/,user-stars allstar30 rating,2020/6/12,不是杠，看完我想喝桑格利亚,3,0
阿卜,https://www.douban.com/people/shiguagji/,,2020/6/12,大概是无法共情到这样的情绪，所以我听起来也无感。,3,0
回忆跪在眼前,https://www.douban.com/people/127197701/,user-stars allstar50 rating,2020/6/12,我好想你。,6,1
Matth?us,https://www.douban.com/people/chewy/,user-stars allstar20 rating,2020/6/12,厉害了我的杰伦哥，老普通了还是有人要尬吹,9,0
penumbear,https://www.douban.com/people/46085016/,user-stars allstar40 rating,2020/6/12,不是忘记了，而是强求他能回到 迷迭香 时期这件事本身就没有意义。好比现在问你还记得五月天的 透露 吗，或者 孙燕姿的 和平，再或者梁静茹的 迷路。或许只需要记住一句“我们在时代与金曲之中失去”，后面那句不提真的也无伤大雅。,3,1
天外☆飞仙,https://www.douban.com/people/207409910/,user-stars allstar30 rating,2020/6/12,「Mojito」：U1S1，部分旋律确实挺像「人生的旋转木马」的。Rap不错就是太短了，Rap前的间奏不错，异域风情满满。歌词说实话挺low的，方文山能不能出山帮帮杰伦，这作词真心不行，虽然这次不是杰伦写的。曲风算不上新颖，编曲也算不上惊艳，但这类我听的少，所以勉强吃这套。整首歌对于Jay来说最多只能算中规中矩。然后，如果要点Mojito的话，我会点Maksim那杯。,1,1
Irene,https://www.douban.com/people/kelly0418/,,2020/6/12,还行吧，但不太适合周杰伦唱,12,0
西凉河葛三叔,https://www.douban.com/people/lick/,user-stars allstar40 rating,2020/6/12,比前几单好听 3.5 但是那个花衬衫真的无法忍 而且这首歌我容易窜到啊朋友再见 啊朋友再见吧再见吧里面去,3,1
ゑ,https://www.douban.com/people/dusk.xiyang/,user-stars allstar30 rating,2020/6/12,好安全的编曲,0,0
人淡如菊。无奈,https://www.douban.com/people/vitamisa/,,2020/6/12,就一个感觉 迷迭香真香！,0,0
????????????????,https://www.douban.com/people/ReoLove/,,2020/6/12,莫吉托没小鸟伏特加好喝,1,0
布迪布迪,https://www.douban.com/people/ddfish/,user-stars allstar50 rating,2020/6/12,不错啊~深夜好心情！甚至忘了明天要早起开会。。。,6,2
Avril Lavigne,https://www.douban.com/people/EdwardLear/,user-stars allstar40 rating,2020/6/12,无论怎样都比之前出的那些歌好多了。,2,1
安德,https://www.douban.com/people/hengacheung/,user-stars allstar30 rating,2020/6/12,我错了，姐说好听就是真好听！????,0,0
alain.proust,https://www.douban.com/people/spiky1920/,user-stars allstar30 rating,2020/6/12,豆瓣话题邀你参与#视频・你所偶遇的街头表演艺术家#。,4,1
洛城上空的麦田,https://www.douban.com/people/andylau40/,user-stars allstar20 rating,2020/6/12,在舒适区里就创作不出一首好歌了，什么垃圾，就瞎抄还抄的极烂,4,0
茄哩啡,https://www.douban.com/people/lvspinach/,user-stars allstar50 rating,2020/6/12,今年够苦的了，感谢杰伦送来甜甜气泡mojito,11,2
神秘金针菇,https://www.douban.com/people/secretjinzhengu/,user-stars allstar30 rating,2020/6/12,这车也太粉了吧………风格像模像样的，插了一段rap也挺舒服的。,0,2
寒枝雀静,https://www.douban.com/people/93124222/,user-stars allstar30 rating,2020/6/12,除了中间那几句之外，其他就有种新鲜感原创度都很低的感觉……,7,0
莫莫先生,https://www.douban.com/people/62888853/,user-stars allstar40 rating,2020/6/12,夏天还是要听周杰伦啊……TAT,5,2
A New Error,https://www.douban.com/people/Lumicarockroll/,user-stars allstar30 rating,2020/6/12,“喧嚣的海报躺在 慵懒的阁楼阳台 而是文学家笔下的那一片海” 讲真 这是什么歌词？ 我怀念七里香的歌词了,4,0
熟客思春期,https://www.douban.com/people/109837470/,user-stars allstar30 rating,2020/6/12,没有深度的拉丁元素植入，迈入20年代的Jay，每天都在鼓吹浪漫生活的虚拟代入感。可我们为什么要耐下心去接受时代的平庸呢，我们又不是受虐狂。 再者，不是每个人都想听这种歌谈这种恋爱的。真的不是。,0,0
安小安,https://www.douban.com/people/flowerann/,user-stars allstar50 rating,2020/6/12,五星拉高平均分。,3,2
个别人,https://www.douban.com/people/45581073/,user-stars allstar40 rating,2020/6/12,还好吧，只是这mtv是什么时候拍的？,1,0
yoyo,https://www.douban.com/people/121817489/,,2020/6/12,真的好像美少女战士的op啊...,1,0
VZDYve,https://www.douban.com/people/91314190/,user-stars allstar50 rating,2020/6/12,醉心拉美文化的我必须极尽赞美地夸。终于又见类似10年代初rap风格，歌词一如既往地触碰灵魂深处浪漫：“你是文学家笔下那一片海。” 而 “你所在之处，孤单都被征服”真的深深刻画拉美这块魔力土地的精髓，这地方它或许文化失落，或许有博尔赫斯和Julio Cortazar筑起迷幻城墙，但深入生活，脚踏大地，拉美永不孤独。“这爱不落幕，忘了心事的国度”一瞬间让我重回拉美闹嚷，这是拉美人生活的真相。雪茄，书香，小酒馆，海明威，音乐，老城，傍晚的Malecón海滨大道…街头一抹红，老爷车随处可见的古老风派，手上一杯莫吉托酒，在港口和你饮尽海风。周杰伦真是完美融合古巴风情和周氏音乐，亲手编织La Havana一场热力五彩的梦。 p.s.拜托杰伦把拉美都写了吧，圆了我的梦！ 未来一定要听着杰伦这首走在哈瓦那。,10,2
BlueJeans,https://www.douban.com/people/123340879/,user-stars allstar20 rating,2020/6/12,比前面几首好些，不过依旧难听,4,0
玲・喵子酱,https://www.douban.com/people/Kayicat/,user-stars allstar30 rating,2020/6/12,熟悉的配方，熟悉的味道，熟悉的婚后老少年。,0,0
RimeC,https://www.douban.com/people/Glide-bufeng/,user-stars allstar30 rating,2020/6/12,“很多年后，C依旧会想起来听到专辑《Jay》的那一天。” but not mojito 20200611,2,0
壹安2,https://www.douban.com/people/rayland/,user-stars allstar50 rating,2020/6/12,豆瓣新式zzzq：周杰伦的新歌真难听，张艺谋的电影早不看，娄烨拉的S都是香的，您居然在看国产剧？,63,1
小皮特,https://www.douban.com/people/wonderofchill/,user-stars allstar10 rating,2020/6/12,姆们哈瓦那山歌教一分钱写拔段儿。,2,0
徐李夫人,https://www.douban.com/people/xu77/,user-stars allstar30 rating,2020/6/12,滤镜+1星,0,0
千寻亿选,https://www.douban.com/people/2574034/,,2020/6/12,不配给十五年前的周杰伦提鞋，每个人都要从巅峰下来,1,0
马尔可夫游走,https://www.douban.com/people/Sunny_Sunny/,user-stars allstar20 rating,2020/6/12,写迷迭香的时候剩下的demo翻出来编一编曲就上架了,1,0
彩戏师,https://www.douban.com/people/caixishi/,user-stars allstar30 rating,2020/6/12,咖啡不加糖,1,0
△,https://www.douban.com/people/novocaine/,user-stars allstar10 rating,2020/6/12,不如不出,8,0
甜面人,https://www.douban.com/people/141350096/,user-stars allstar20 rating,2020/6/12,直说了吧，难听。,8,0
哼哼.floweray,https://www.douban.com/people/56922790/,,2020/6/12,我们总在怀念华语乐坛神仙打架的黄金时代，其实也算是对当下废铁时代的无声反叛 其实，回不去的岂止是那个磁带、CD、MP3承载的乐坛,26,1
安雪洋,https://www.douban.com/people/anxueyang/,user-stars allstar30 rating,2020/6/12,这次敷衍得连歌都变短了。这个旋律和唱法是认真的吗……,4,0
吉尔伯特格雷y,https://www.douban.com/people/gilbertglaze/,user-stars allstar50 rating,2020/6/12,简介233333333333333333,0,1
恰妮斯虫,https://www.douban.com/people/caorong1023/,user-stars allstar30 rating,2020/6/12,真就是被婚姻生活甜晕的男人呐～,2,0
创世神・刘在石,https://www.douban.com/people/150543635/,user-stars allstar40 rating,2020/6/12,就别和十来二十年前的周杰伦神仙团队比了，说实话降低期待来听还是可以的……继《等你下课》之后两年多的时间里，终于迎来一首虽然亮点不足，但最起码也没啥槽点的单曲（有一说一，没有对比就没有凸显，之前的是真真纯玩票，难听至极）。 这次嗓子也在自己的舒适音域里混，没有暴露倒嗓的缺点。 相比起近年越来越土&油腻&堆积词藻&下坡比Jay还要猛的方文山，阿郎如今依然无负“鬼才”之誉，保持着这种异域浪漫又嬉皮笑闹的风格，水平也徘徊在平均线上。 可惜就是歌曲时长太短，才3min出头。,83,1
Ted,https://www.douban.com/people/49910566/,user-stars allstar30 rating,2020/6/12,特别像印度电影转场时放的背景乐hhhh 还挺想听他写的奶茶歌 （最致命的依旧是审美…）,2,0
JoKerffy,https://www.douban.com/people/zebra200/,user-stars allstar20 rating,2020/6/12,就真的很普通的一首，换几年前看到全在说好听的脑残粉可能会觉得特别恶心，我小时候听的周杰伦可不是这样的。到现在也变得释然了，慢慢接受差异是长大也可能是变老,5,0
shelter,https://www.douban.com/people/IanMonster/,user-stars allstar30 rating,2020/6/12,不难听，但是也仅是偶然在街上听到不会嫌吵的程度,5,1
江湖骗子,https://www.douban.com/people/192719431/,user-stars allstar30 rating,2020/6/12,海星,0,1
玉木大河,https://www.douban.com/people/1282199/,user-stars allstar30 rating,2020/6/12,花钱那是大可不必的。新歌听听热闹就行了。,0,0
下午三c,https://www.douban.com/people/complicated612/,user-stars allstar30 rating,2020/6/12,3.5。被评分吓的赶快去听…不惊艳，但也不难听，有以前的味道呀，比之前的好几首玩票强太多了…,1,1
Tinc0,https://www.douban.com/people/tincochan/,user-stars allstar30 rating,2020/6/12,嘿，我不是搞事啊，这不就是相当于蔡依林唱《日不落》吗。,0,1
沉静内敛绿妞东,https://www.douban.com/people/simoscat/,user-stars allstar20 rating,2020/6/12,这也太普通了吧，没有原创性的曲子加上糖水儿词儿。,3,0
chenbing,https://www.douban.com/people/chenbing/,user-stars allstar30 rating,2020/6/12,rap好听,1,2
Echo,https://www.douban.com/people/appleweiwei/,user-stars allstar40 rating,2020/6/12,想要喝一杯粉甜粉甜的mojito,1,2
jaspertyler350,https://www.douban.com/people/158117875/,user-stars allstar20 rating,2020/6/12,本想想给3星，想到我给了皆可3星，心理学4星，那周董只能扣一星了！只能说周杰伦除了情怀要被搞烂，团队的眼光也是瞎的，试图继续狙击下沉市场，玩弄去年流行的古巴风（但是今年好像已经不太流行了哥哥），顺便夹带个人YouTube频道私货，周杰伦啊周杰伦知道自己为什么这首歌很boring吗？Camila的Havana不boring是因为第一段别人加了Got me feeling like wuhuwuhuwuhuwuhu跳探戈，你倒好，帽子侧着戴就这样蒙混过关？老实说一觉醒来听到周杰伦版本的“我的心里只有你没有他”还挺怪的，上一个让我记起这首歌的是春春李宇春 不爱我就拉倒里周杰伦的自大人格还是一点都没变,4,0
何必在乎我是谁,https://www.douban.com/people/bluezinsser/,user-stars allstar30 rating,2020/6/12,是挺新鲜的曲风，可以听几遍，但不会留下很特别惊艳的感觉。大概这就叫食之无味弃之可惜吧。,0,0
Shawn,https://www.douban.com/people/84110492/,user-stars allstar50 rating,2020/6/12,周杰又再一次弄崩音菲教... 刚听完整体感觉 嗯 是我喜g的型了 什N型？新的型,6,0
武萌主0407,https://www.douban.com/people/zihaozai0407/,user-stars allstar30 rating,2020/6/12,听出了《迷迭香》的调调，有火得希望，MV游街风拍得也太差一点了吧。,1,0
Wander-Lust,https://www.douban.com/people/Derek.H/,user-stars allstar40 rating,2020/6/12,一般，但是前奏听着就想去度假了……,0,1
probably小法,https://www.douban.com/people/probably_zhan/,user-stars allstar30 rating,2020/6/12,感觉mv是陪老婆出去玩顺便拍出来的？,3,0
SaberJ,https://www.douban.com/people/148510023/,user-stars allstar30 rating,2020/6/12,近年来的最好一首了 但是也还是陷入另一种形式的流水中（包括MV）,2,0
怀饿明少年别吃,https://www.douban.com/people/122836378/,user-stars allstar30 rating,2020/6/12,节目宣传曲，还可以。,0,1
Hoecakeboy,https://www.douban.com/people/trevort/,user-stars allstar50 rating,2020/6/12,周杰伦唱啥都香～,0,2
滋养丰富风味绝,https://www.douban.com/people/70661414/,user-stars allstar40 rating,2020/6/12,说句实话，周杰伦十五年前或者二十年前的专辑里的歌随便拎一首出来都可以秒杀《Mojito》，但是杰伦的创作巅峰持续了很长一段时间，巅峰后的下坡路这样也还算体面吧。,0,0
那迷不倒的魂儿,https://www.douban.com/people/beiliya6261/,,2020/6/12,这明明是演歌啊哈哈哈哈哈哈快喊冰川清志来唱！,0,0
Debbie王,https://www.douban.com/people/xuanxinxi/,user-stars allstar40 rating,2020/6/12,勾引力太了，想去古巴，想做粉t色,1,2
乍暖,https://www.douban.com/people/134002125/,user-stars allstar10 rating,2020/6/12,和《迷迭香》太像了，纯粉丝向。,5,1
ANáΓKH,https://www.douban.com/people/kid45698/,user-stars allstar30 rating,2020/6/12,没啥惊喜，略显油腻。,2,0
Valen,https://www.douban.com/people/valenyu/,user-stars allstar40 rating,2020/6/12,我觉得可以,0,1
挺饱的,https://www.douban.com/people/215806157/,user-stars allstar30 rating,2020/6/12,全网位数不多的对周总没有粉丝滤镜的人来品品。就是觉得还挺平庸的 ，到很多人说曲风有创新，但是还是招牌周氏唱腔和咬字，然后个人觉得周氏咬字并不太适合这种风格，太闷了，我觉得他的咬字演绎中国风和青少年情歌最合适。歌词的话，真没怎么听清。不知道怎么打分，应该是我下周不会再听的歌，三颗星给情怀吧。,4,1
二番煎じ,https://www.douban.com/people/vamos_revenge/,user-stars allstar20 rating,2020/6/12,听歌就行，别看mv（不要再全宇宙分享你们的购买链接了搞的人逆反心理上来了-1,11,0
麻瓜,https://www.douban.com/people/realmagua/,user-stars allstar40 rating,2020/6/12,听完以后无限循环了迷迭香~,2,0
Coelacanth,https://www.douban.com/people/44478750/,user-stars allstar20 rating,2020/6/12,是真的油腻。继土耳其冰淇淋后又可以看知乎周杰伦粉丝的大片吹捧文章了??,3,0
IceHouseStreet,https://www.douban.com/people/iKarry/,user-stars allstar40 rating,2020/6/12,3.5吧……比之前那几首好……但与他自己原本的水准相比还是差一大截……不过话说回来要一直不断地超越是很困难的事情…,1,0
夜,https://www.douban.com/people/fuyiyouqing/,user-stars allstar40 rating,2020/6/12,又听哭了，MV就很简单地在古巴街头漫步、唱歌、弹奏、兜风，有种返璞归真的感觉，还没有女主角（。,1,2
三日月~,https://www.douban.com/people/nicoleyue/,user-stars allstar40 rating,2020/6/12,还是挺可爱的啦,0,2
山山君就是我,https://www.douban.com/people/shanshanjun33/,user-stars allstar40 rating,2020/6/12,跟热评一样。其实我已经很难听出周杰伦歌曲的好坏，很难摘掉有色眼镜客观地评价。反正都要听就对了。不过听起来有一点很久以前《迷迭香》的调调。,47,1
唱.跳.RAP.种瓜,https://www.douban.com/people/av/,user-stars allstar30 rating,2020/6/12,不如上一首单曲,0,0
胡玛嘉,https://www.douban.com/people/56857225/,,2020/6/12,意识到对他的期待已经是好听舒服就行了。蛮好,0,0
恭喜l柴,https://www.douban.com/people/chocolan/,user-stars allstar30 rating,2020/6/12,MV是啥玩意儿 扣一星 这个人现在一副暴发户的气质是咋回事（老子终于会说英语了的那种暴发户）（我听着逆鳞开始哭）（即使这样还是吊打了这个乐坛）（他开心就好）,1,0
竹取（中国版）,https://www.douban.com/people/yiaer/,,2020/6/12,周杰伦最大的功劳大概是教大家正确的读了这个单词，不是摸??头，是摸黑头。?????♂?,2,0
StevenWoops,https://www.douban.com/people/148069437/,user-stars allstar10 rating,2020/6/12,time2??,1,0
西部獭仔,https://www.douban.com/people/42042270/,user-stars allstar20 rating,2020/6/12,其实这首不那么胡搞了，但就因为是认真做的成品还这水平，让人更不能接受。周郎才尽，拍广告挣钱也比您做音乐赚钱更体面。,0,0
?熟透的番茄,https://www.douban.com/people/138332862/,user-stars allstar50 rating,2020/6/12,]@喜]有改/我已了三年/我告V外婆/我]/不需要改。,0,0
Moon,https://www.douban.com/people/amyiwlyf/,user-stars allstar50 rating,2020/6/12,今年终于有了一首甜甜的开心的歌让我无限循环啦！,1,2
小野丽莎,https://www.douban.com/people/174253560/,user-stars allstar40 rating,2020/6/12,三块钱怎么都值啊 可可爱爱想跳舞,1,2
billiedivision,https://www.douban.com/people/billiebo/,user-stars allstar30 rating,2020/6/12,伦哥陪我度过初高中。 起于双节棍 终于牛仔很忙 后面的作品基本就没有再听过。 刚刚看了这首MV 伦哥脸上也都是岁月了。,0,0
mavis,https://www.douban.com/people/ecowhite/,user-stars allstar40 rating,2020/6/12,为什么开头半分钟我听出了美少女战士《月光传说》的感觉？可能是前几首太烂了，出一个稍微正常点的我就想给3.5了。mv是真油腻啊，背景里花花绿绿的小房子看得我好想再去一次Old San Juan顺便刷一发古巴。,1,1
Fan要坚强,https://www.douban.com/people/deadcolour/,user-stars allstar30 rating,2020/6/12,有点sad这歌不也就是迷迭香的水平吗怎么至于全网扛把子,1,0
蒜托,https://www.douban.com/people/suantuo/,user-stars allstar50 rating,2020/6/12,咖啡糖别多，因为她很甜，这词真的太土味了，但我真的可以！,0,2
螂君一本正经,https://www.douban.com/people/muzhizhanglang/,user-stars allstar40 rating,2020/6/12,MV看出陈赫感觉是怎么回事。。,2,1
随便改个名,https://www.douban.com/people/twofatttttttt/,user-stars allstar40 rating,2020/6/12,杰臭的爱情歌越来越油腻（却好听），也许这就是人到中年吧,1,1
木木木小锦,https://www.douban.com/people/muxiaojin/,user-stars allstar30 rating,2020/6/12,真宽容,2,0
Overflow,https://www.douban.com/people/119301053/,user-stars allstar30 rating,2020/6/12,无论如何比他前几首强，但这种程度的“好听”与“新奇”对周杰伦来说还是太没挑战了。MV观后感就是古巴风景很好，一定要去旅游一趟。,1,1
红月,https://www.douban.com/people/147328865/,user-stars allstar30 rating,2020/6/12,嗯……,2,1
negetive2,https://www.douban.com/people/negetive2/,user-stars allstar30 rating,2020/6/12,及格,1,1
Seewhywhy,https://www.douban.com/people/seewhywhy/,user-stars allstar40 rating,2020/6/12,正常水平,1,1
Bill,https://www.douban.com/people/Remniscer/,user-stars allstar50 rating,2020/6/12,两星给周董三星给S.，青春大概在肖邦以后就逝去了……,1,0
八卦黄大仙,https://www.douban.com/people/hjlwqx/,user-stars allstar40 rating,2020/6/12,来呀，吃狗粮啊,3,0
赫索格,https://www.douban.com/people/jorianxu/,user-stars allstar30 rating,2020/6/12,谈好不好听其实没啥意义，人到中年世界会越来越小，陪伴就好吧。,2,1
七里香名字很美,https://www.douban.com/people/154792241/,user-stars allstar50 rating,2020/6/12,前奏挺好，有点拉丁，有点随性 我去，这rap神了，比起手写的从前也不遑多让啊，绝了,131,2
嘛嘛嘛嘛啊,https://www.douban.com/people/164867279/,user-stars allstar30 rating,2020/6/12,跟现在的华语乐坛带头人们比五星，跟他自己比也就三星水平,4,1
天草流云ヒカル,https://www.douban.com/people/Charlotteryu/,user-stars allstar30 rating,2020/6/12,不是那个味了啊我觉得，还不如奶茶歌好听呢,0,0
宙斯的大猩猩B,https://www.douban.com/people/183125452/,user-stars allstar20 rating,2020/6/12,比前几首好多了，但是，全在意料之中，没得惊喜,3,1
RealityBites,https://www.douban.com/people/yeslie/,user-stars allstar30 rating,2020/6/12,比前几首还是好多了。,1,1
road,https://www.douban.com/people/63995689/,user-stars allstar40 rating,2020/6/12,不夸张的说，我认为这是床边故事之后最好听的一首，胜在编曲。尽管知道周董的才华还是在的，再不出好歌，真的要疲了,1,1
津五渡,https://www.douban.com/people/jinwudu/,user-stars allstar40 rating,2020/6/12,可能不会有惊喜感，但用这个来要求周杰伦就有点苛求，一个几乎在各种曲风都到过巅峰的人，很难再超越巅峰的自己。但是，会让人回到他巅峰的那个年岁，就很美好。我觉得很好听。,3,1
连城易脆,https://www.douban.com/people/57298438/,user-stars allstar50 rating,2020/6/12,这是属于周杰伦刷屏的一天...这次单曲的质量明显回升了很多，中间的那段rap确实相当不错，爷的青春都回来了。不过看歌词曲风依然是虐狗恋爱甜歌，可能不少人不会买账，毕竟现在很多人生计都难以着落吧。1分钟销量7万张，9小时销量200万张，我伦影响力依旧，只是微博热搜停更，没法上热搜了，哈哈哈。希望早点出专辑，真的等太久了！！！,1,2
Monica??,https://www.douban.com/people/138950317/,user-stars allstar30 rating,2020/6/12,对于周杰伦来说异域情调并不新鲜：嘻哈RAP?佛朗明戈《窃爱》，巴萨诺瓦?流行爵士《迷迭香》，美式民谣《牛仔很忙》，古印度风《蛇舞》等等，20年之间已经玩了一整圈，谁能想到多年过后的新粉还是很吃这一套。这首《Mojito》在周杰伦曲库算不得优秀，但是一上线也能成为某瓣9.5分的"神作"，可见华语乐坛如今只能看"铁铸的招牌"。,3,0
草莓没有心,https://www.douban.com/people/biubangbang/,user-stars allstar40 rating,2020/6/12,还行 但都没有单曲循环的那种冲动,2,1
我亦鬼也,https://www.douban.com/people/Baronera/,user-stars allstar30 rating,2020/6/12,耳熟能详，前奏我觉得似曾相识……,0,0
隙gLの徒然,https://www.douban.com/people/annusmirabilis/,user-stars allstar40 rating,2020/6/12,周杰伦早就没那么个性鲜明了，这首歌也是图个快乐，那反正是挺快乐的。哈瓦那好美！,1,0
Neski.,https://www.douban.com/people/loveasondepp/,user-stars allstar50 rating,2020/6/12,梦回迷迭香红模仿,3,0
_。,https://www.douban.com/people/liuniancherry/,user-stars allstar40 rating,2020/6/12,有一v一……@首起磉是比^走心的，m然有迷迭香的味道（喂。,1,1
平井桃伽,https://www.douban.com/people/lhc-creep/,user-stars allstar10 rating,2020/6/12,就这？,1,0
dead猪3,https://www.douban.com/people/zhu3/,user-stars allstar20 rating,2020/6/12,比演唱会质量当然还是高点,0,0
Fallingforyou,https://www.douban.com/people/1386491/,user-stars allstar50 rating,2020/6/12,新曲风，但是依然喜欢Rap,41,2
老范,https://www.douban.com/people/58304733/,user-stars allstar30 rating,2020/6/12,曲子像是去古巴旅游途中随手写出来的，属于玩票性质，没达到正常水准，比类似风格的《迷迭香》《乌克丽丽》差了不少。mv也像是在当地随手拍出来的，歌词吹了半天女神，结果全程没有半个女人，只看到周董带上几个跟班叫上几个土著大叔在街头弹琴尬舞，再比几个土味手势，时隔大半年的一首单曲就这么敷衍过去了。,2,0
babelsry,https://www.douban.com/people/203045936/,user-stars allstar30 rating,2020/6/12,中间吹的乐器不知道是啥 太像《havana》了,2,0
吉良吉影,https://www.douban.com/people/190699569/,user-stars allstar30 rating,2020/6/12,就还好,2,1
folles,https://www.douban.com/people/folles/,,2020/6/12,说实话，你还记得第一次听周杰伦歌第一次认识周杰伦的时候对他什么感觉吗？十几年前我肯定不会想到｀｀｀这人四十岁是这个亚子。这首比之前几个单曲好像好点，mv的滤镜调色真是｀｀｀｀真好啊有钱就可以去古巴玩一玩弄一弄自己喜欢的复古车，画画绿绿拍个vlog｀｀｀｀｀｀这几年其实我听了很多古巴音乐那叫啥风mambo,1,0
LIONSONG,https://www.douban.com/people/constantinechia/,user-stars allstar20 rating,2020/6/12,伦伦你MV里能不能把你那些丑八怪朋友都支走啊！真的有碍观瞻！,1,0
shuibuzhao,https://www.douban.com/people/160190843/,user-stars allstar20 rating,2020/6/12,难听版本的迷迭香,2,0
April7,https://www.douban.com/people/Aprilday7/,user-stars allstar30 rating,2020/6/12,还可以 比前两年好多了 词是黄俊郎的 但是怎么还是有股土味情话的感觉,1,0
阿呆,https://www.douban.com/people/135424957/,user-stars allstar40 rating,2020/6/12,铁铸的招牌 错落着就像 一封封城市 献给天空的情书 好美。,0,2
虽然独特,https://www.douban.com/people/hzy0421/,user-stars allstar30 rating,2020/6/12,B- 咖啡、壁画的西式意象对他已不新鲜，但在这里恐怕只是为与“古巴风情”配套而加入的空中楼阁。还是恭喜周杰伦在2020乘上Latin pop的东风,0,0
非编码Postdoc,https://www.douban.com/people/QKeenACl./,user-stars allstar40 rating,2020/6/12,低端流行仿大l言，好！,0,2
judyisland,https://www.douban.com/people/judyisland/,user-stars allstar40 rating,2020/6/12,是夏天傍晚的感jio～,0,2
Sue。_梦想,https://www.douban.com/people/Vivian77/,user-stars allstar40 rating,2020/6/12,没必要讲情怀讲期待讲失落，听听就好了。,1,1
Summer,https://www.douban.com/people/jessicazt/,user-stars allstar40 rating,2020/6/12,一早给我伦花了3块钱。。曲子4星其他2星吧。。现在听他的歌都不需要看歌词就能听清了，微微难过惹,1,0
礼,https://www.douban.com/people/149152146/,user-stars allstar40 rating,2020/6/12,应该让黄俊郎在MV出镜的，他明明那么可爱,1,1
大道寺知世,https://www.douban.com/people/204982378/,user-stars allstar50 rating,2020/6/12,本人非专业的也不懂乐理那种东西，反正觉得好听就完事了。,1,2
大眼睛,https://www.douban.com/people/jurtaxia/,user-stars allstar50 rating,2020/6/12,超级洗脑，无法自拔,0,2
Cho,https://www.douban.com/people/62893035/,user-stars allstar30 rating,2020/6/12,编曲和Rap还不错，整体无感,0,1
Babylon,https://www.douban.com/people/156253474/,user-stars allstar30 rating,2020/6/12,C+ 同样也是套路化的拉丁风格写作，但确实换一个“汤”就能够在听感上有很大提升！,0,1
马戏团的STONE,https://www.douban.com/people/beijingstone/,user-stars allstar40 rating,2020/6/12,阳光??,0,1
__Stream,https://www.douban.com/people/sunnydaisy04/,user-stars allstar50 rating,2020/6/12,我的人夤然杠杠滴。@已是近赡晁出的歌里比^好的了吧，我反正M意啦。蹲新］，我要再去刷演唱。啦啦啦。,0,2
无敌小鸡腿,https://www.douban.com/people/191184619/,user-stars allstar20 rating,2020/6/12,某些周杰伦的粉丝，跟蔡徐坤、肖站的脑残粉简直一模一样,6,0
偏爱黄油饼干,https://www.douban.com/people/192088009/,user-stars allstar40 rating,2020/6/12,不错嘛,0,2
一栊,https://www.douban.com/people/Beckybooming/,user-stars allstar50 rating,2020/6/12,太可以了。,3,2
陆喜乐日做百题,https://www.douban.com/people/Ech000000000000/,user-stars allstar30 rating,2020/6/12,他好像曾小贤啊（没有谁先谁后的意思，就是像）,0,1
燕仰,https://www.douban.com/people/asyanyang/,user-stars allstar40 rating,2020/6/12,听的是情怀。不过即使是《迷迭香》对我来说也是后来的周杰伦了……,1,0
~相,https://www.douban.com/people/165857045/,user-stars allstar40 rating,2020/6/12,这次终于不划水了…达到了他的正常水准线吧。反正我是能接受。,44,2
颜落寒,https://www.douban.com/people/yanluohan/,user-stars allstar40 rating,2020/6/12,你漫步Havana的笑，有Mojito的味道～,2,2
gnixaijL,https://www.douban.com/people/84854417/,user-stars allstar40 rating,2020/6/12,不喜欢听就爬，秀你妈优越感呢。江郎才尽我都看吐了，一出个歌就是这几句说辞，烦死了。还有那些建议周杰伦退休的人，你自己别听就行了，又非得听，听完了还得来这发泄，个个都是乐评大师。,3,1
小耳朵图吗,https://www.douban.com/people/onshuway/,user-stars allstar30 rating,2020/6/12,看了mv 想念2年前去过的古巴 哈瓦那的老爷车 海滨大道 salsa,0,2
熹以南,https://www.douban.com/people/68718739/,user-stars allstar30 rating,2020/6/12,妈呀，昨晚刚发行评分9分，我怀疑自己听觉出了问题……,1,0
猫四儿,https://www.douban.com/people/2675567/,user-stars allstar30 rating,2020/6/12,三星，味道还是原来的味道。应该是我的口味发生变化了??,1,1
沧浪,https://www.douban.com/people/tsingmr/,user-stars allstar30 rating,2020/6/12,喜欢第二段主歌的rap,0,2
快乐大傻,https://www.douban.com/people/suikz/,user-stars allstar40 rating,2020/6/12,真的不错，热泪盈眶了(?????????)有迷迭香红磨坊的感觉,0,2
Pinkelephant,https://www.douban.com/people/mimielephant/,user-stars allstar30 rating,2020/6/12,美少女 变身！,0,0
Sylvitas,https://www.douban.com/people/Sylvia-Ye/,user-stars allstar40 rating,2020/6/12,应该是他出道以来编曲和唱法最最最最简单的歌了吧。也挺好，毕竟中年人上有老下有小岁月静好就可以不想折腾了,2,0
双向扭曲,https://www.douban.com/people/51034141/,,2020/6/12,想再去一次古巴。在Malecón散步才是正经事,0,2
珂珂,https://www.douban.com/people/oopsphare/,user-stars allstar20 rating,2020/6/12,杰伦很好地诠释了什么是“油腔滑舌，套路死板，狂热自恋，不思上进又喜欢摆谱”的油腻大叔,5,0
波希米亚,https://www.douban.com/people/bohemia/,user-stars allstar30 rating,2020/6/12,很夏日，很杰伦,0,1
Crybaby,https://www.douban.com/people/57818955/,user-stars allstar10 rating,2020/6/12,吐了 我真怀疑这样的周杰伦以前是怎么做出叶惠美的,1,0
tree's shadow,https://www.douban.com/people/zine/,user-stars allstar30 rating,2020/6/12,大家都油腻了呢,1,1
历史的车辙,https://www.douban.com/people/djj6593/,user-stars allstar50 rating,2020/6/12,极少数目前还能听的几首新歌之一，珍惜吧,0,0
???Overboard,https://www.douban.com/people/95983083/,user-stars allstar30 rating,2020/6/12,普通水准。我承认悲伤的复杂的强烈的情绪能够激励创作，但是为什么那么多人把他近年的写歌水平归咎于昆凌的“毒害”？婚姻幸福也有错吗，承认他江郎才尽也没有很难吧。,2,1
Cardinal,https://www.douban.com/people/163158607/,user-stars allstar30 rating,2020/6/12,倒也不必因为唱首Latin pop就开始高潮，框架还是二十年前的流行歌创作思路罢了。,1,0
toishiki,https://www.douban.com/people/toishiki/,user-stars allstar40 rating,2020/6/12,啊我也想去古巴吃肉喝酒,2,2
HsvEvnX,https://www.douban.com/people/juejin/,user-stars allstar30 rating,2020/6/12,比之前那首单曲好点儿……但是……emmm 唉 真的好想念早中期JAY啊！！,0,1
辛普森,https://www.douban.com/people/46087498/,,2020/6/12,江郎才尽真的是个太贬义的词了 谁都不能否认他的才华 那他现在享受人生有啥错了 依旧是男神,2,1
B级同类,https://www.douban.com/people/kildren2013/,user-stars allstar30 rating,2020/6/12,久违的异域风，不过没惊喜且不耐听，中段rap部分比副歌更佳。 MV难看，还不如拍风景…,0,1
杨二史密斯,https://www.douban.com/people/27287283/,user-stars allstar30 rating,2020/6/12,不知道他周围还有人对他说真话不,0,0
是日夏茗,https://www.douban.com/people/159472572/,user-stars allstar30 rating,2020/6/12,rap很好听,0,2
残响死灭,https://www.douban.com/people/Echo-of-Death/,user-stars allstar40 rating,2020/6/12,两个地方拉跨：一是作词，除了口水味儿仍然有点浓之外，最大的问题是歌词前后不连贯，像一根根断线打了一个个结硬是连起来了一样，二是收尾有点不太对，很明显是不知道该怎么结尾，于是只好拿了个臭鸡蛋砸向街边乐队强行结束演出。但是有一说一，这回周董还是回到了魔杰座的水准，拉丁风格至少不会让人心生厌恶。,1,0
小鹿,https://www.douban.com/people/61074856/,user-stars allstar20 rating,2020/6/12,迷迭香？哥哥不行了，你们就讲真话吧。,5,0
不正经的夏夜,https://www.douban.com/people/135880959/,user-stars allstar40 rating,2020/6/12,再这样一首一首往外冒，每年qq红包抢的那点钱迟早要被你薅光,2,0
kido????,https://www.douban.com/people/kido_jpop/,user-stars allstar50 rating,2020/6/12,就是好听！！！！！！想去古巴过夏天！！！！！,1,2
半绝弦,https://www.douban.com/people/75922870/,user-stars allstar20 rating,2020/6/12,老mojito了,11,0
草莓和巧克力,https://www.douban.com/people/67019496/,user-stars allstar50 rating,2020/6/12,这几年 披周杰伦老粉丝衣服的人急增 “周郎才尽”等等之类的话术 还是一点没变,1,1
Metaphor,https://www.douban.com/people/144309115/,user-stars allstar30 rating,2020/6/12,及格作品吧，让我想起迷迭香G 两者对比一下的话还是有点点可惜，08年演唱会之后Jay的嗓子就回不到以前巅峰状态了www,5,1
?????????????? ????????????,https://www.douban.com/people/177731714/,,2020/6/12,豆瓣u分9.5，友u分5.2.,1,0
姬气猫,https://www.douban.com/people/LivingEveryday/,user-stars allstar30 rating,2020/6/12,rap部分好听但是太短了，其他的部分嘛……emmm 为什么我总觉得蜜汁像倍速版《爱在浪漫中舞蹈》？,0,1
Sukipa,https://www.douban.com/people/sodasis/,user-stars allstar20 rating,2020/6/12,新作基本不再有说服力了,3,0
Monet Shaw,https://www.douban.com/people/57087441/,user-stars allstar20 rating,2020/6/12,谁能抵得住恰烂??呢,3,0
好养活,https://www.douban.com/people/47941742/,,2020/6/12,算是近几年来最能听的了。。。,0,1
中野独人,https://www.douban.com/people/imad/,user-stars allstar30 rating,2020/6/12,这种歌他脑子里每天能写一百首,1,0
钟方源,https://www.douban.com/people/zfycn/,user-stars allstar40 rating,2020/6/12,只能说与之前的单曲相比，这首勉强达到正常水平，异域风情加持下，传统的编曲焕发了新的感觉，保证了基本的质量。算是这几年单曲中的最佳。,0,1
igr?konze,https://www.douban.com/people/lingyun93/,user-stars allstar30 rating,2020/6/12,倒不是差到完全不下去……但算了吧 ^起得太好F在天王也比不上年的毛^小子了……btw是不是只有我一人X得著挺像美少女鹗康闹黝}曲？？？,0,1
inkkkkkkk,https://www.douban.com/people/never39/,user-stars allstar20 rating,2020/6/12,调调还行 但也是蜜汁熟悉的感觉 歌词就不评论了- -是这几年的歌里比较好的 但也大可不必用情怀滤镜吹得多么牛皮 确实就是回不去了,3,1
miu's,https://www.douban.com/people/forlian/,user-stars allstar30 rating,2020/6/12,虽然我白嫖，但...,1,0
小怂软糖,https://www.douban.com/people/aoi-enco/,user-stars allstar30 rating,2020/6/12,??,0,0
cactus,https://www.douban.com/people/outside1212/,user-stars allstar40 rating,2020/6/12,小公举现在是爱惨了粉红色吗？歌还真的好唱 听一遍 满脑子都是Havana漫步hhhh,2,0
桃 成蹊,https://www.douban.com/people/performance/,user-stars allstar30 rating,2020/6/12,困苦与孤寂或许才是他才思的源泉吧。,3,0
阿牛,https://www.douban.com/people/summerfan/,user-stars allstar40 rating,2020/6/12,就还蛮好听的，很有夏天的感觉听了心情也不错。,0,2
大风起兮云飞扬,https://www.douban.com/people/215578140/,user-stars allstar20 rating,2020/6/12,嗓子怎么毁成这样了？这还是当年那个唱《搁浅》的周杰伦吗？有《迷迭香》那味了，但远不如《迷迭香》好听，《迷迭香》我听了好几年还听不腻，这首歌却不想再听第三遍。抱着《以父之名》《东风破》般的高期待，没想到结果却是这样的令人失望，唉。。。,3,0
艾软斯,https://www.douban.com/people/42048988/,user-stars allstar20 rating,2020/6/12,就这？懒猪,1,0
相叶苏打叭,https://www.douban.com/people/summerhj1991/,user-stars allstar30 rating,2020/6/12,是悦耳的，但也是常规的。失望的应该是对天王寄希望太高了罢。,1,0
J,https://www.douban.com/people/jellywu/,user-stars allstar50 rating,2020/6/12,太棒了,0,2
时间的玫瑰,https://www.douban.com/people/margaret_wmx/,user-stars allstar30 rating,2020/6/12,想起来跟阁主在顺德，找小酒馆喝mojito的日子。出来了还没过瘾，又去拿了两瓶菠萝啤酒。听完之后果断去找Chan Chan来听，啊，老爷子的声音永远无敌。,0,2
吃个果冻,https://www.douban.com/people/181261662/,user-stars allstar50 rating,2020/6/12,mojito 源自古巴一种鸡尾酒 清朗明快 愉悦舒爽 加上杰伦新歌的饶舌搭配爵士， 这个夏天 依然有我们的周氏惬意,10,2
深海晶N’深海鱼,https://www.douban.com/people/Chabon/,user-stars allstar30 rating,2020/6/12,小公举改变风格了。,0,1
TERRY,https://www.douban.com/people/4582598/,user-stars allstar20 rating,2020/6/12,这么说吧，今天听完这首刚好歌单跳到了侃爷的dark fantasy，那句“can we get much higher”出来的时候――很多伤害都是对比出来的。。,0,1
Ignorabimus,https://www.douban.com/people/174275084/,user-stars allstar30 rating,2020/6/12,三星半？,0,1
horsebaby,https://www.douban.com/people/48049450/,user-stars allstar20 rating,2020/6/12,可能杰伦发ins说这次新歌有点厉害，把我的期待值拔高了吧，结果就这？？？非常套路化，平淡如白开水的mojito,2,0
nick??,https://www.douban.com/people/dearnick/,,2020/6/12,ε=ε=ε=ε=ε=ε=┌(;￣◇￣)┘,0,1
羊小乔,https://www.douban.com/people/joyceyyf/,user-stars allstar30 rating,2020/6/12,hin一般吧……,1,1
李厂长??,https://www.douban.com/people/53965857/,user-stars allstar40 rating,2020/6/12,我喜欢曲子，歌词什么玩意儿，油腻死了,1,1
开飞机的舒克申,https://www.douban.com/people/llefan/,user-stars allstar50 rating,2020/6/12,多久没有听到这么好听的周氏甜歌了。,4,2
虫虫,https://www.douban.com/people/Rolin/,user-stars allstar40 rating,2020/6/12,看到标题心里一惊 觉得啊周杰伦又去旅游顺便写了一首随便的歌儿 听了以后倒是不难听,1,1
昏昏糕??,https://www.douban.com/people/SOLAR250/,user-stars allstar30 rating,2020/6/12,？有一丝丝迷惑 拉普我仍然??????????,0,0
萧萧,https://www.douban.com/people/2782582/,user-stars allstar30 rating,2020/6/12,作为口水歌还是合格的,2,0
威风凛凛白公子,https://www.douban.com/people/144943121/,user-stars allstar30 rating,2020/6/12,有点红磨坊,0,0
糸雀,https://www.douban.com/people/80338166/,,2020/6/12,「而你是文W家P下的那片海」2333（歌~笑@.@,0,0
（?????）,https://www.douban.com/people/29219326/,user-stars allstar20 rating,2020/6/12,很一般 两星都是建立在我对他曾经的喜欢上,0,0
tierra,https://www.douban.com/people/tierra/,user-stars allstar30 rating,2020/6/12,嗯 就是 还行,0,0
麦小白,https://www.douban.com/people/MagicK/,user-stars allstar40 rating,2020/6/12,就很周杰伦啊，各大商场、食铺、小店又有新的背景乐了。,0,1
伯樵・阿苏勒,https://www.douban.com/people/yuanzhigao_0/,user-stars allstar20 rating,2020/6/12,哈瓦那旅游局指定广告,2,1
小公园还在吗,https://www.douban.com/people/155697123/,user-stars allstar30 rating,2020/6/12,前几天就看到一个初中同学在朋友圈说他要发新歌了，想起来我曾经也很喜欢很喜欢过周杰伦，但现在对他的新歌基本不抱什么期待了，这首最多也只让我想到《迷迭香》而已。拥有幸福的生活，对他来说是好的，对爱他的人来说是好的，但对爱过他音乐的人来说，可能就是某种无奈的失去。年少轻狂的，感时伤怀的，深刻的句子和旋律，这些带有天生美感的东西，往往是从痛苦里生长出来的。,12,1
致远静,https://www.douban.com/people/sunshineonlyme/,user-stars allstar50 rating,2020/6/12,炎热的夏季，听这样轻快活泼的节奏忍不住一起摇摆，多么甜蜜蜜的一首歌～周杰伦是唯一发胖了还没有油腻感的艺人。,0,2
阿m,https://www.douban.com/people/51667439/,user-stars allstar30 rating,2020/6/12,哇还是那个周杰伦，不看歌词完全不知道在唱什么,0,1
Sora,https://www.douban.com/people/soildsnake/,user-stars allstar30 rating,2020/6/12,新专辑在哪里！,1,1
Aqua Wong,https://www.douban.com/people/Toxicboy1986/,user-stars allstar30 rating,2020/6/12,就这样吧,1,0
_lobjetpetita_,https://www.douban.com/people/166517933/,user-stars allstar30 rating,2020/6/12,周董是爱上这种“支付宝到账三元”响一整晚的感觉了吗,5,1
蔡谬思,https://www.douban.com/people/146847340/,user-stars allstar20 rating,2020/6/12,分类拉丁笑死,1,0
气清景明雨纷纷,https://www.douban.com/people/159394498/,user-stars allstar50 rating,2020/6/12,看了下热评里的差评。其实，我完全不懂什么拉丁曲风，什么各种形形色色的专业术语，从专业方面来评价这首歌，我连幼儿园的水平都没有，所以，我选择闭嘴，只说自己的主观感受。在我眼里，这首歌最适合播放的时候也就像是MV里的那样，夏日，打开车窗，手握方向盘，在林间蜿蜒前行，感受林间凉风在耳畔鼓鼓作响，我在方向盘后跟着节奏摇摆。开车乐单，再添一首(?￣???￣??),5,2
月夜小恶魔,https://www.douban.com/people/kira1010/,user-stars allstar40 rating,2020/6/12,我胖伦又回来了！,0,2
????????,https://www.douban.com/people/188740621/,user-stars allstar10 rating,2020/6/12,hhh,0,1
雪凌nicole,https://www.douban.com/people/35817763/,user-stars allstar40 rating,2020/6/12,甜甜的，古巴风，编曲明明很有诚意嘛，mv好看，想去旅行啊,0,2
豌豆大人,https://www.douban.com/people/oscar892486279/,user-stars allstar30 rating,2020/6/12,还记得一个朋友听完《悬日》后，对我说田馥甄这些年没有一点进步。结果我刚看到他在朋友圈分享了《Mojito》。感觉很多人对男歌手的包容度真是蛮高的。,0,0
朝歌。,https://www.douban.com/people/133757428/,user-stars allstar30 rating,2020/6/12,编曲不错，mv全程关注后面伴舞的两个黄毛小子，还有比他们更像穿着花衬衫模仿当地风情的中国游客吗？？,1,2
ark,https://www.douban.com/people/quarkocean/,user-stars allstar10 rating,2020/6/12,和迷迭香比 曲风单调无趣毫无高级玩味感 和窃爱比（因为都是同一个作词）mojito真的有一种俗气到底的感觉 这不是江郎才尽 这只是玩票 专辑大约也是合集大礼包,2,0
THE9-宫斜效凉,https://www.douban.com/people/198681616/,user-stars allstar30 rating,2020/6/12,我觉得...比《说好不哭》好一点？中规中矩的水平吧 mv的玫粉色车真的很瞎眼 只想说我的青春真的不是周杰伦 有人说要多听几遍就好听了 额 要我花时间多听听这首歌 那我还是选择《迷迭香》,2,1
夏日裤裤,https://www.douban.com/people/riraku/,user-stars allstar20 rating,2020/6/12,曲子有争议，编曲没新意，rap是累赘，mv土，50%迷迭香,1,0
取映,https://www.douban.com/people/138446199/,user-stars allstar40 rating,2020/6/12,Rap那一段很出彩,0,2
Jasper,https://www.douban.com/people/jasper1923/,user-stars allstar30 rating,2020/6/12,比前几首好听多了，就是MV难看了点,0,2
二级布洛芬,https://www.douban.com/people/169531443/,user-stars allstar30 rating,2020/6/12,多一星给副歌，就酱。,1,0
方氏修远甫,https://www.douban.com/people/156127104/,user-stars allstar30 rating,2020/6/12,比前面几首歌好太多了 比前面几张专辑差多了,1,1
北极熊,https://www.douban.com/people/vickiee77/,user-stars allstar10 rating,2020/6/12,整这么高 莫吉托 八耶喝嘞 损憋死,1,0
Asprincedier,https://www.douban.com/people/66163956/,user-stars allstar20 rating,2020/6/12,就这？,0,0
皱皱的果洛,https://www.douban.com/people/zzdgl/,user-stars allstar50 rating,2020/6/12,完全和辣身舞2想不到一起去的浪漫表达。最近我沉迷于周杰伦作品回顾。,0,0
redcoin,https://www.douban.com/people/70788416/,user-stars allstar20 rating,2020/6/12,真会赚钱,1,0
Dear Dear,https://www.douban.com/people/xiaobei1116/,user-stars allstar30 rating,2020/6/12,这歌无法上头,1,0
HADES.WIN,https://www.douban.com/people/160373773/,user-stars allstar50 rating,2020/6/12,暂不对这首歌进行点评。音乐这东西就和球鞋一样，在你没了解之前，请不要轻易打分。,0,1
你说呢嗯,https://www.douban.com/people/185931243/,user-stars allstar10 rating,2020/6/12,跟他前面两首新歌一样的问题，还是让我觉得失望,1,0
李非烟,https://www.douban.com/people/57534338/,user-stars allstar30 rating,2020/6/12,只能说比之前好了 但是要回到再之前首首神曲地步感觉不可能了 果然失恋伤心不如意是艺术家创作的源泉啊,0,1
机智如我冯宝宝,https://www.douban.com/people/156444316/,user-stars allstar50 rating,2020/6/12,单就旋律来说是这几年最耐听的，歌词再不济也比“哥练的胸肌如果你还想靠，好胆你就麦造”强一千倍一万倍十万倍，不过mv确定不是陈赫拍的？,1,1
逸,https://www.douban.com/people/leo1218/,user-stars allstar30 rating,2020/6/12,中年杰伦音乐下坡路又一代表作。,1,0
千千千,https://www.douban.com/people/82846752/,user-stars allstar30 rating,2020/6/12,单听歌还好，MV挺糊弄的。杰伦的歌想说的事没有了，我也不知道该听啥。,1,1
承泽明,https://www.douban.com/people/4075446/,user-stars allstar20 rating,2020/6/12,低配版「迷迭香」，曲尚可，词好烂。,1,0
醉舟,https://www.douban.com/people/1991817/,user-stars allstar20 rating,2020/6/12,寡淡无味…,1,0
PsychoMiss9,https://www.douban.com/people/violette9/,user-stars allstar40 rating,2020/6/12,Summer vibes!,0,2
7%,https://www.douban.com/people/14306703/,user-stars allstar30 rating,2020/6/12,……看得出周杰伦婚姻很幸福，只是他没完全把心思放在创作上，可以理解。比说好不哭好听。,2,1
1874,https://www.douban.com/people/wendynite/,user-stars allstar30 rating,2020/6/12,告白气球+乌克丽丽+迷迭香？,2,0
江湖骗子,https://www.douban.com/people/178719776/,user-stars allstar50 rating,2020/6/12,所有喜欢的元素和一个超喜欢的成品,0,2
yuan,https://www.douban.com/people/yuannnnnnn/,user-stars allstar10 rating,2020/6/12,什么玩意儿。,2,0
Jayeor,https://www.douban.com/people/193084809/,user-stars allstar50 rating,2020/6/12,是以前那种暧昧的风格了！比近几年的单曲好太多，希望理性看待这首歌！,24,2
小宗,https://www.douban.com/people/119873176/,user-stars allstar20 rating,2020/6/12,天额，白期待了....,9,0
waiwaiyuan,https://www.douban.com/people/enjoyjennyaa/,user-stars allstar20 rating,2020/6/12,就这？,1,0
popok,https://www.douban.com/people/popok/,user-stars allstar40 rating,2020/6/12,没啥新意，又很朴素。主要对他期望一直很高。讲道理按他这几年随便糊弄的作风来看，已经是非常好听的一首了。P.S.印象从八度空间开始，每次新作都会被喷江郎才尽hhhh,0,1
刺猬ツ,https://www.douban.com/people/cactus1992/,user-stars allstar20 rating,2020/6/12,遭受连续失望暴击！,1,0
盛丁满*小九,https://www.douban.com/people/1985464/,user-stars allstar30 rating,2020/6/12,就是一张专辑中A面第三首或B面第1首的水平吧,0,1
澳大利亚喂袋鼠,https://www.douban.com/people/18021724/,user-stars allstar30 rating,2020/6/12,中年本身不油腻 油腻的是不负责任地以为自己还很青春,1,0
是啊你真搞笑,https://www.douban.com/people/69272164/,,2020/6/12,好喜欢听他拉那个什么普??,1,2
郁金故纸,https://www.douban.com/people/129517731/,user-stars allstar40 rating,2020/6/12,我也想去哈瓦那,1,2
老青菜。,https://www.douban.com/people/papa_guo/,user-stars allstar20 rating,2020/6/12,啥玩意儿！respect to old time 周杰伦，现在的周先生就是老婆孩子热炕头，看看人家蔡依林有多努力创新好吗！,2,0
漫长的告别,https://www.douban.com/people/133197838/,user-stars allstar40 rating,2020/6/12,第一感觉是周董的才华回来了，有点像古早曲风，尤其是那段rap让我感觉我的青春回来了。 没有人比周杰伦更懂夏天，没有人比周杰伦更会中文rap。 但是藏在大量评论里小声说一句，只有rap的一句话抓住了我的耳朵，和巅峰时期的歌还是差了一点点。,1,2
范小饭。,https://www.douban.com/people/45450217/,user-stars allstar20 rating,2020/6/12,比起哥的胸肌让你靠，走个套路还能勉强得2星。2.5,1,0
小江湖骗子林羽竹,https://www.douban.com/people/linyuzhu/,user-stars allstar50 rating,2020/6/12,梦回2006,39,2
---,https://www.douban.com/people/56492265/,user-stars allstar30 rating,2020/6/12,迷迭香2.0 ？？？,0,0
盛夏光年,https://www.douban.com/people/52762453/,user-stars allstar20 rating,2020/6/12,mv导演是和twice用的一个？,1,1
Z片,https://www.douban.com/people/EvanChouu/,user-stars allstar20 rating,2020/6/12,老老实实拍周游记吧，情怀不能当饭吃,1,0
徐习之,https://www.douban.com/people/hello2witch/,user-stars allstar30 rating,2020/6/12,可以了，下一首。,1,1
腩评碗盅,https://www.douban.com/people/moehippo/,user-stars allstar30 rating,2020/6/12,新瓶旧酒,1,0
HS,https://www.douban.com/people/208742467/,user-stars allstar50 rating,2020/6/12,五星就完事了,1,2
嗷嗷の小叶子,https://www.douban.com/people/wendy93225/,user-stars allstar30 rating,2020/6/12,就害行吧...花了3块买了，放那儿。继续听十七八年前的歌,2,1
咔咔茜笑一个,https://www.douban.com/people/pengxieve/,user-stars allstar30 rating,2020/6/12,我为了杰伦开了扣扣音乐会员 然后建了一个歌单 然后加歌进去的时候发现 加入的都是他曾经的老歌 其实在摩羯座以后的歌我就觉得不太行了 杰伦是青春 是情怀 同时 也是怀念,0,1
温柔的不良,https://www.douban.com/people/174592354/,user-stars allstar50 rating,2020/6/12,虽然容易听着听着拐到其他歌上……但是确实有mojito的味道！而且！他们穿的都是我想穿的那种花衬衫！都在哪里买的啊！,3,1
薄明,https://www.douban.com/people/yukim0119/,user-stars allstar50 rating,2020/6/12,爱迷迭香我本人太可以了,0,2
暗灵杀不死,https://www.douban.com/people/3830662/,user-stars allstar20 rating,2020/6/12,mv看得我眼睛疼,1,0
妮可Gay得慢,https://www.douban.com/people/49383195/,user-stars allstar30 rating,2020/6/12,希望身边的盆友们听完这首歌之后不要再读错mojito了。。。,2,1
江湖骗子,https://www.douban.com/people/60413359/,user-stars allstar50 rating,2020/6/12,夏日歌单再加一首，和豆瓣文青取向不同，我就不爱苦情歌夏天就该欢快一点。,2,2
Wittgenstein,https://www.douban.com/people/izzn/,user-stars allstar20 rating,2020/6/12,平庸就是平庸 该夸的夸 不要被自己时代滤镜遮眼,2,1
Jack Zhao,https://www.douban.com/people/JackZhao666/,user-stars allstar30 rating,2020/6/12,虽然短，起码能听出诚意，词也很黄俊郎，有前世情人的感觉，比靠胸肌和说好别笑好不少，但谁让你是周杰伦呢… 新专辑好好写吧，起码床边故事水准行不行??,0,1
Yagami??,https://www.douban.com/people/44669188/,user-stars allstar20 rating,2020/6/12,就那样吧，反复吃老本，幸福生活真是创作的坟墓。,1,0
Sтing,https://www.douban.com/people/Killsting/,user-stars allstar40 rating,2020/6/12,终于比前几首好多了。,26,2
G莹,https://www.douban.com/people/why_514/,user-stars allstar30 rating,2020/6/12,老年拉丁,1,0
亡招菌,https://www.douban.com/people/wangzhaojun/,user-stars allstar50 rating,2020/6/12,Jay is back TT,0,2
寒马,https://www.douban.com/people/kivenzhao/,user-stars allstar40 rating,2020/6/12,感觉像是中年人会在KTV里面点的歌曲,0,1
不爱洗头,https://www.douban.com/people/adeus/,user-stars allstar40 rating,2020/6/12,这是一杯送给爱人的mojito，也是献给她的一封情书。第一句能抓住人，AABBB+饶舌+CC的结构，没有间奏的设计也非常妙，词还不算很俗。这轻快舞曲风格很适合暖场。,0,2
Azurazure,https://www.douban.com/people/205550018/,user-stars allstar40 rating,2020/6/12,夏天的独家放送 喜欢MV 好像看到年轻的JayChou,1,2
灰色堡垒,https://www.douban.com/people/hanqiu1995/,user-stars allstar30 rating,2020/6/12,前几年我还看到有人问周杰伦为什么不努力向世界水准靠拢，但是到了现在，大家的精神都变得很弱，做事变得很难，似乎也没有必要――当做什么都没发生过，没心没肺地快乐，不是会活得更舒服吗？于是他懒懒地振作精神，落下了一缕余晖。,3,1
雨点很淡,https://www.douban.com/people/Bluewhisky/,user-stars allstar50 rating,2020/6/12,爷青回,0,1
Jorrow,https://www.douban.com/people/48480567/,user-stars allstar30 rating,2020/6/12,rap开始才渐入佳境，很快歌又结束了... 最近几个单曲最佳。,0,2
迟迟归,https://www.douban.com/people/65407707/,user-stars allstar40 rating,2020/6/12,是好听的～喜欢,2,2
鲸鱼岛上??,https://www.douban.com/people/179664440/,user-stars allstar30 rating,2020/6/12,rap有内味,1,2
Isopod,https://www.douban.com/people/91513008/,user-stars allstar20 rating,2020/6/12,…,1,0
暂时注销,https://www.douban.com/people/homesicks/,user-stars allstar30 rating,2020/6/12,跟前几首比还是不错的（ 不要求太高,0,1
辉机起飞了,https://www.douban.com/people/54998992/,user-stars allstar50 rating,2020/6/12,我喜欢～,2,2
如风,https://www.douban.com/people/54193737/,user-stars allstar50 rating,2020/6/12,这杯酒非常上头??然后不出意外地在任何评论区都看到了对立。听歌为什么还要上纲上线呢？你为什么听歌呢：为了快乐还是为了抬杠？当然不排除有的人能从抬杠中获得乐趣。杰伦写了歌 能发表 就能接受好评与差评。杰迷允许自己喜欢杰伦和他的音乐 就也应该允许别人不喜欢杰伦或他的音乐。发泄情绪总是最简单的事情。只希望大家不管爱听还是不爱听、为什么爱听为什么不爱听 都理性一点 容人一点 互相尊重一点。,2,2
艾斯本格,https://www.douban.com/people/wbsiceberg/,user-stars allstar40 rating,2020/6/12,想和爱人一起哈瓦那漫步,0,2
猹o此人??,https://www.douban.com/people/147408856/,user-stars allstar30 rating,2020/6/12,比前几支单曲好听。全曲亮点就是rap。但是太短了。副歌一般般,0,1
肉肉肉肉肉肉肉,https://www.douban.com/people/honeyhh/,user-stars allstar30 rating,2020/6/12,为什么对他要求要这么高 一大早在塞车路上听还挺欢乐的,1,1
故溪歇雨,https://www.douban.com/people/58002318/,user-stars allstar30 rating,2020/6/12,比前几首不知道在干啥的单曲好多了，最好听的是rap！而且周董竟然奇迹般瘦下来了……这首歌特别容易注意到周杰伦的真假音转换，高音唱得很费劲，唱腔太白让人担心会破音……主歌的编曲有点偷懒，是那种很容易记住旋律但没什么创新的调调。掉回头去重温了《迷迭香》，才意识到周董的嗓子是不如从前了啊。,2,2
颓废市民,https://www.douban.com/people/182162434/,user-stars allstar50 rating,2020/6/12,黑子就是现实生活中的loser而且他们蒸煮的歌都是靠修音，除了修音还是修音，和周杰伦现场差了无数个十万八千里，新歌好听就vans，再一句才尽脸给你打歪,1,2
ALLEN_WANG,https://www.douban.com/people/185309493/,user-stars allstar30 rating,2020/6/12,刚过及格线的作品 周董粉丝讽刺用“周郎才尽”形容周董是话术已尽，然一味的吹捧和那些流量粉又有何区别，同样是活在粉圈嘛！,2,1
Moonhead,https://www.douban.com/people/44221474/,user-stars allstar40 rating,2020/6/12,杰伦肯定听过Buena Vista Social Club,0,1
越过几世纪的河,https://www.douban.com/people/116296268/,user-stars allstar50 rating,2020/6/12,没办法不喜欢 不想去骂了 好好享受你给予的这个夏天吧,3,0
SchattenLos,https://www.douban.com/people/3634287/,user-stars allstar40 rating,2020/6/12,这首算是这些年发的新歌里最好听的了吧,0,1
wild life,https://www.douban.com/people/139602082/,user-stars allstar40 rating,2020/6/12,有点以前的感觉了，但是又感觉少了点特色,0,1
猫的烟火尾巴,https://www.douban.com/people/Firework_woo/,user-stars allstar40 rating,2020/6/12,三星半，编曲借助古巴音乐有了些许年轻时代的华丽，唱的部分除了中间的rap也很悦耳，歌词水准略差，属于近几年里的一首水准之上的佳作，但远不及巅峰时期的创造力。但那也是没办法的事了。,0,1
nana_ko2,https://www.douban.com/people/137623076/,user-stars allstar40 rating,2020/6/12,想起迷迭香? ?,1,0
萧独水,https://www.douban.com/people/lovejason87/,user-stars allstar50 rating,2020/6/12,个人特点仍然突出，一生粉,2,2
貘f地板,https://www.douban.com/people/36104994/,user-stars allstar30 rating,2020/6/12,在古巴待着的时候，每天喝无限量供应的廉价mojito喝到半夜，回家之后每天都特想喝酒，现在想想可能是酗酒的前兆……,1,1
儿童食品有益健,https://www.douban.com/people/patrickwolf/,user-stars allstar20 rating,2020/6/12,如果说“你什么都没有，却还为别人的梦想加油”歪打正着地道出了追星之真谛，那粉红滤镜下的Mojito就纯粹是七拼八凑的一杯香精了,1,2
huahua1925,https://www.douban.com/people/45664779/,user-stars allstar20 rating,2020/6/12,实在是.....一言难尽,1,0
信马由缰,https://www.douban.com/people/194002256/,user-stars allstar10 rating,2020/6/12,ex这都啥呢，《havana》不秒杀了？评论说好听是认真的？周董也是越来越完蛋！,2,0
小油飞,https://www.douban.com/people/neverbutterfly/,,2020/6/12,哪位友邻说的来着，真的超像老版美少女战士主题曲啊??,0,0
DoublePlusGood,https://www.douban.com/people/ShiboAtDouban/,user-stars allstar30 rating,2020/6/12,拉丁风格带来一点新鲜感，但很快也就忘记了。,0,1
渺渺笑笑,https://www.douban.com/people/ltgov/,user-stars allstar30 rating,2020/6/12,大多数老粉第一反应就是想起了迷迭香。这首小品量级作为首单令人担心新专了,0,0
含苑拧,https://www.douban.com/people/hanxiaofang/,user-stars allstar50 rating,2020/6/12,只因有你真好。,2,1
嘿,https://www.douban.com/people/jwy/,user-stars allstar40 rating,2020/6/12,那部纪录片叫什么来着？一群古巴玩音乐的好家们！,0,1
sudo,https://www.douban.com/people/153934534/,user-stars allstar30 rating,2020/6/12,周杰伦现在最大的问题是过于油腻...,2,0
谢流放,https://www.douban.com/people/152766437/,user-stars allstar30 rating,2020/6/12,难道不应该是“而我的奶茶，糖不用太多”吗？,1,0
龙舌头??,https://www.douban.com/people/amore019/,user-stars allstar40 rating,2020/6/12,客观3.3，感情分3.5星。,2,0
Bruno,https://www.douban.com/people/shousixiansheng/,user-stars allstar30 rating,2020/6/12,...,0,0
Ratatat,https://www.douban.com/people/166406617/,user-stars allstar20 rating,2020/6/12,听之前很期待...结果旋律词编曲mv都很平庸...,0,0
Mce,https://www.douban.com/people/8693580/,user-stars allstar50 rating,2020/6/12,迷迭香回来了？,2,0
augustX,https://www.douban.com/people/217505250/,user-stars allstar20 rating,2020/6/12,不好听 ，2020年了这种曲风真的太土了mv油得看了三秒就关掉，情怀当饭吃可以一次两次次数多了会消化不良，别再消费歌迷对你的溺爱了。,2,0
自猪世界,https://www.douban.com/people/80664818/,user-stars allstar30 rating,2020/6/12,还可以，没有什么纰漏，就是古典器乐用得放现在有点土气了，周杰伦音乐一直没有进化。你现在要我听他写一首苦情我也会烦的，这样一首偶尔听听还行,0,1
D1920,https://www.douban.com/people/daisylikeu/,user-stars allstar50 rating,2020/6/12,咻～,0,1
葡萄大丸仔,https://www.douban.com/people/187035787/,user-stars allstar30 rating,2020/6/12,一般。但比起之前两首玩票的歌好多了,0,1
Luigi,https://www.douban.com/people/75849450/,user-stars allstar40 rating,2020/6/12,不是他粉丝，但觉得编曲很OK,2,2
半u,https://www.douban.com/people/by.land/,,2020/6/12,柯有伦已经沦落到mv镜头比浪花兄弟还少的地步了吗，总是一闪而过要不就被杰伦挡住,0,1
Silhouette,https://www.douban.com/people/134642429/,user-stars allstar40 rating,2020/6/12,比之前好太多了,2,2
阿默040,https://www.douban.com/people/linlin040/,user-stars allstar20 rating,2020/6/12,感觉作词的在随随便便地玩，唱歌的在也随随便便地玩，伴奏伴舞的呆呆地玩,3,0
未注销,https://www.douban.com/people/shnix/,user-stars allstar30 rating,2020/6/12,不太好听也不难听，比哥练的胸肌好。,2,1
河力布,https://www.douban.com/people/43486975/,user-stars allstar20 rating,2020/6/12,只能说太幸福太有钱会影响艺术创作。现在一年一歌就是为了保持热度和收割新生代，80末90初已经不是目标受众了。,1,0
柚子,https://www.douban.com/people/50924720/,user-stars allstar50 rating,2020/6/12,节奏感好到想抖腿,1,2
????,https://www.douban.com/people/unnanae/,user-stars allstar30 rating,2020/6/12,我还是保留意见，转做电影配乐吧，运气好能刷新逼格，歌吧，偶尔唱唱就好，现在发声太腻了…,1,0
Syd Berg,https://www.douban.com/people/87769477/,user-stars allstar20 rating,2020/6/12,实属一般……我对周某人爱不动,1,0
哈狸斯,https://www.douban.com/people/50056164/,user-stars allstar20 rating,2020/6/12,听到歌前奏就知道MV会是什么展开了，仔细一看还真是，类似于速度与激情里跑到古巴or迪拜开跑车满足美国人民对第三世界的幻想,1,0
居无间,https://www.douban.com/people/juwujian/,user-stars allstar40 rating,2020/6/12,和周杰伦近几年的歌曲相比，这首歌属于超常发挥。,2,2
Mr.morning,https://www.douban.com/people/5592925/,user-stars allstar50 rating,2020/6/12,甜,0,2
刀锋,https://www.douban.com/people/hellomybluelife/,user-stars allstar30 rating,2020/6/12,我爱… 花衬衫？,1,0
鸢尾纹章,https://www.douban.com/people/iris819/,user-stars allstar30 rating,2020/6/12,中间的几句rap让人恍然有种回到过去的感觉，vocal还是平了，比之前几首好。,0,2
我记得你说,https://www.douban.com/people/181093165/,user-stars allstar40 rating,2020/6/12,那些大热的数字单曲用来干啥的？送人的??,1,0
Grey,https://www.douban.com/people/57921714/,user-stars allstar20 rating,2020/6/12,可惜的是他越来越习惯呆在自己的舒适区了，歌只要不烂大伙就满足了，最无法忍受的是怎么把哈瓦那拍成这个样子，仿佛套上了个奶油滤镜，太难受了,1,0
形而至上,https://www.douban.com/people/66540341/,user-stars allstar50 rating,2020/6/12,能循环一上午，除了悦耳度之外，已经不要求更多。再好的立意，再先锋的音乐理念，如果不能让我听下去，又有什么意义？？,0,1
。,https://www.douban.com/people/176869630/,user-stars allstar30 rating,2020/6/12,低配迷迭香 不进则退,3,1
buzi?,https://www.douban.com/people/bubuzd/,user-stars allstar30 rating,2020/6/12,听一种情怀,0,1
游游游,https://www.douban.com/people/subarashii0422/,user-stars allstar30 rating,2020/6/12,比之前几首好多了，轻轻松松的。,0,2
Remedios,https://www.douban.com/people/167873407/,user-stars allstar50 rating,2020/6/12,有以前内味了,2,2
咸菜帮老大,https://www.douban.com/people/xiancaibang/,user-stars allstar20 rating,2020/6/12,无趣。,1,0
毛毛毛毛毛多多,https://www.douban.com/people/maomaoshort/,user-stars allstar30 rating,2020/6/12,果然还是感情生活太滋润 已经写不出伤心情歌 《迷迭香》姐妹歌曲,0,0
dikseg,https://www.douban.com/people/4256465/,user-stars allstar30 rating,2020/6/12,比《我是如此相信》好多了。,1,1
涂森破,https://www.douban.com/people/202962289/,,2020/6/12,好腻啊好腻啊太腻了，默默打开听几遍,1,0
秋痕踏拓,https://www.douban.com/people/29119990/,user-stars allstar40 rating,2020/6/12,三星半。,0,1
若欢乐,https://www.douban.com/people/63630310/,user-stars allstar30 rating,2020/6/12,14:26。Single。穷的我只能去抖音看视频完整版。江郎才尽，可以理解。,0,0
黄柑柑,https://www.douban.com/people/hyming/,user-stars allstar20 rating,2020/6/12,怕是不得行哦,0,0
train123,https://www.douban.com/people/trainezyy/,,2020/6/12,三年来最好的一首(？) 开场ok的就是副歌写得无趣了 低配拉丁迷迭香(？,0,1
竹淡刻骨,https://www.douban.com/people/47029943/,user-stars allstar30 rating,2020/6/12,只有周氏说唱的部分有点喜欢，以及看完MV好想去古巴。前几天有小朋友说喜欢周杰伦的情歌因为“哀而不伤”。我在同学们大范围喜欢他的中学时代对他感觉一般，就是因为太青春太不现实了，也不知道那时候十几岁的我如何就看不起适合我年龄的作品，大概少年都想装老成。如今周董自己已是不惑之年，思想或者说写歌心态还停留在他二十岁的时候。不知道该羡慕他心态永远年轻还是叹息他从来没有成熟。一向喜欢中老年男子作品的本人大概不会是他的目标听众了。,1,1
Impire,https://www.douban.com/people/impire/,user-stars allstar50 rating,2020/6/12,超喜欢，特别是中间那段rap，不过开头有点像久石让的这就是恋爱呢,1,2
琉奈@みりりん,https://www.douban.com/people/yna1/,user-stars allstar50 rating,2020/6/12,评论觉得好不好听我管不着，反正我觉得好听就行了_(:Df∠)_,0,2
134340 Pluto,https://www.douban.com/people/181179738/,user-stars allstar30 rating,2020/6/12,不算好 但比前几首强太多太多了 我是抱着“耳朵可能受到污染”的心理准备点开的 所以就还行,3,1
Horton,https://www.douban.com/people/outetsu/,user-stars allstar20 rating,2020/6/12,看评论周杰伦也是老流量明星了快??,0,0
*Slayer,https://www.douban.com/people/165501980/,user-stars allstar40 rating,2020/6/12,4/5 热情似火，出乎意料的还不错，反正跟《不爱我就拉倒》来比我还是喜欢这首，不挑。,3,2
空空儒也,https://www.douban.com/people/64071819/,user-stars allstar20 rating,2020/6/12,歌是不难听的，但是一个华语乐坛最顶级的音乐人在40岁拿出来这样的作品，粉丝还要说如听天籁，真的让人停失望的。就像周星驰拍《新喜》一样，不是有多差，是粉丝太善良给你惯坏了，随手一划拉就能收获鲜花掌声，而这是最无聊的。当然，这种歌本身也是一个隐喻，在今天能什么观点也不表达还要开口唱歌，只能逃到古巴摇头晃脑唱毫无营养的disco情歌了。,6,1
_SummerCrush,https://www.douban.com/people/173122627/,user-stars allstar40 rating,2020/6/12,妈呀这次真的质量好高 词在线曲在线编曲在线 嗓子状态也好好 rap出来的时候我差点深夜尖叫 有我很忙时期的味道 果然老底还是够厚 对不起杰伦只能下次再才尽了,45,2
蕉之助,https://www.douban.com/people/ahou_J/,,2020/6/12,就很敷衍,0,0
diabolo,https://www.douban.com/people/shuonimei/,user-stars allstar20 rating,2020/6/12,就这？,0,0
豪豪想你??,https://www.douban.com/people/58619493/,user-stars allstar20 rating,2020/6/12,接受无能,1,0
劲草南风,https://www.douban.com/people/51332162/,user-stars allstar30 rating,2020/6/12,听过了，就完事了那种。,0,0
溪蓝,https://www.douban.com/people/xilan117/,user-stars allstar40 rating,2020/6/12,是复古而有初心的周董了,0,2
ZinK,https://www.douban.com/people/155589051/,user-stars allstar20 rating,2020/6/12,"多年以前周杰伦也喜欢玩儿一些异域风情，《布拉格广场》、《夜的第七章》。那时候听他的歌是享受，因为每次都是耳目一新,不管是编曲还是歌词。如今的这些歌虽然是新的，但却同七八十的老女王披上了一条皇帝的新装，众人都因为曾经他的辉煌而自动上了彩色滤镜。拉丁风格放在这里更像是对快节奏口水歌的妥协。 听罢我还是怀念""街景在后退，你的崩溃在窗外淋碎"";""雨下整夜，我的爱溢出就像雨水"";""我用漂亮的押韵，形容被掠夺一空的爱情""。这些远远好过""麻烦给我的爱人来一杯Mojito""",2,1
Dahlia,https://www.douban.com/people/141545399/,user-stars allstar10 rating,2020/6/12,这年头你要是不喜欢Jay Chou或者Eason Chen之类之类的新歌就是装逼了，我寻思这两人当年巅峰时期也没达到人见人爱说句不好都不行的程度吧。也别天天嘲讽流量粉了，天王粉们的优越感和疯魔程度谁比得上啊。王菲复出以后出的歌我都坚持不过20秒，阿尔帕西诺也不是每部电影都卖座，观众总有表达不好听不好看的权利吧。,4,0
douban,https://www.douban.com/people/177864253/,user-stars allstar30 rating,2020/6/12,比说好不哭这种烂俗芭乐强一点，但也是完全不想循环的水平。,1,0
纯绒皮卡丘,https://www.douban.com/people/140304909/,user-stars allstar30 rating,2020/6/12,一个字，花。,0,0
浅潜,https://www.douban.com/people/143917707/,user-stars allstar30 rating,2020/6/12,除开情怀……也就是个三分歌吧……,1,0
S,https://www.douban.com/people/214958250/,user-stars allstar30 rating,2020/6/12,《摩杰座2.0》，听得我眉毛越皱越紧。但是对比起上一首歌，这首还是顺耳多了。,3,1
阿鲁,https://www.douban.com/people/alualu/,user-stars allstar50 rating,2020/6/12,害！怎么还是那么好听！,0,2
八月樨,https://www.douban.com/people/52240439/,user-stars allstar50 rating,2020/6/12,我觉得比前两作《等》、《说》好听，这慵懒微醺的时节与小调不值得五星吗？,1,2
X,https://www.douban.com/people/34494242/,user-stars allstar20 rating,2020/6/12,听完也就没有后续了,1,0
upcomingwinter,https://www.douban.com/people/Faintwind/,user-stars allstar50 rating,2020/6/12,说真的，真不错。,3,2
E,https://www.douban.com/people/evonneeeee/,user-stars allstar30 rating,2020/6/12,同样的拉丁风格同样的A小调，还是迷迭香比较神…,1,1
阿x,https://www.douban.com/people/pink_elephants/,user-stars allstar30 rating,2020/6/12,就很夏天啦~p.s粉色的老爷车吼吼看o(*////////*)q,0,2
NG,https://www.douban.com/people/nothinguilty/,user-stars allstar20 rating,2020/6/12,荒野乱斗连跪，再来听这个，真想一枪beng了Jay的头！什么玩意～,0,0
记忆残存,https://www.douban.com/people/2176940/,user-stars allstar40 rating,2020/6/12,三星半,0,0
Ciciaego,https://www.douban.com/people/missmici/,user-stars allstar40 rating,2020/6/12,"""而我的咖啡，糖不用太多” 但是您的奶茶肯定是全糖的hhhhh",0,1
连溪,https://www.douban.com/people/jixuehan/,user-stars allstar50 rating,2020/6/12,趁分数降下来前占位。大众会更喜欢之前的芭乐曲风，诶这是周杰伦啊。反正每次都是周郎才尽，短评也是,2,1
山人阿苍苍,https://www.douban.com/people/Kiddieyi/,user-stars allstar30 rating,2020/6/12,是夏日限定单曲了,2,2
四月,https://www.douban.com/people/guaipixiaojie/,user-stars allstar30 rating,2020/6/12,很妙…也不是不好听，也不是没那个味，但…就真的没那味儿。（迷惑听歌迷惑发言）,1,1
ああ怪,https://www.douban.com/people/im0t0_/,,2020/6/12,so加勒比风 = 吹吹小喇叭,1,0
月色归来时,https://www.douban.com/people/c0kec0la/,user-stars allstar40 rating,2020/6/12,6.7,0,1
cin.?,https://www.douban.com/people/imcin/,user-stars allstar40 rating,2020/6/12,哎哟不错哦,0,2
Panda的阴影,https://www.douban.com/people/PandaMovieMusic/,user-stars allstar40 rating,2020/6/12,周杰伦：“《Mojito》推出之后暂时不会有单曲的推出，再来就是新专辑了！” ―― Jay总算要制作新专辑了，期待一下。,0,2
上帝怀里的汤姆,https://www.douban.com/people/202231787/,user-stars allstar20 rating,2020/6/12,MV的他还蛮帅的 但歌也就那样⑧,1,1
Andrew,https://www.douban.com/people/189738941/,user-stars allstar30 rating,2020/6/12,中规中矩,1,1
??Gabriel,https://www.douban.com/people/mshushu/,user-stars allstar30 rating,2020/6/12,小公举那些颜色鲜艳的衬衫。,0,1
倾葵,https://www.douban.com/people/49172586/,user-stars allstar40 rating,2020/6/12,看和谁比了，比前几张单曲强很多，但是和他自己来比，这张也就是普通水平，插入的rap有点突兀。最近他写情歌写得也太多了，好像走进流行的套路了，怀念《叶惠美》《周杰伦》《范特西》和《八度空间》。,0,1
DAS_Anac,https://www.douban.com/people/185431233/,user-stars allstar30 rating,2020/6/12,70//能及格//我对主流华语乐坛要求就这样了,1,1
